id,code,name,short_name,rok_id,active,version,uuid,created_by,created_date,last_modified_by,last_modified_date
4711,41711000000000,г.Бишкек,,9,true,1,31bf39cc-233a-409f-93f0-2fb4b499dc06,import,2023-01-12,import,2023-01-12
4712,41721000000000,г.Ош,,39,true,1,737ba9f3-71a5-462c-bd1b-e46d42fb282e,import,2023-01-12,import,2023-01-12
34557,41700000000000,Республиканский бюджет,,3,true,1,6668689c-1fe5-44ea-b676-4369a718c0e5,import,2023-01-12,import,2023-01-12
34560,41711204000000,Свердловский Район,,7,true,1,b9b930b8-3017-4455-8d81-b1682d932168,import,2023-01-12,import,2023-01-12
34561,41711203000000,Первомайский Район,,5,true,1,86f38708-11a4-4ff2-9c5b-7a9396143279,import,2023-01-12,import,2023-01-12
34562,41711202000000,Октябрьский Район,,6,true,1,72f1ab09-9fcd-43d4-828c-5d57bb30c0a3,import,2023-01-12,import,2023-01-12
34563,41711201000000,Ленинский Район,,8,true,1,647827a4-c1dc-402b-99db-2f6fd1fff099,import,2023-01-12,import,2023-01-12
101273,41702205805000,Ак-Булунский айылный аймак,,20,true,1,ce8753fb-4416-484b-92d9-5c48d3600159,import,2023-01-12,import,2023-01-12
101274,41702205807000,Берю-Башский айылный аймак,,20,true,1,410a5077-8572-47f3-9746-2439cbd0895a,import,2023-01-12,import,2023-01-12
101275,41702205812000,Кара-Джалский айылный аймак,,20,true,1,eaa13595-cde0-4368-bc66-57984a1668a2,import,2023-01-12,import,2023-01-12
101276,41702205813000,Караколский айылный аймак,,20,true,1,b9c8c8fb-ff95-49a7-aeca-ad553356b82a,import,2023-01-12,import,2023-01-12
101277,41702205818000,Кереге-Ташский айылный аймак,,20,true,1,2e1db0b7-1a74-4c97-adb8-670c47bc5f2b,import,2023-01-12,import,2023-01-12
101278,41702205825000,Нововознесеновский айылный аймак,,20,true,1,384e6056-d288-4b68-a7c0-00d24689b704,import,2023-01-12,import,2023-01-12
101279,41702205832000,Октябрьский айылный аймак,,20,true,1,727f12ad-f72b-4663-abb5-ed589fc8889e,import,2023-01-12,import,2023-01-12
101280,41702205835000,Отрадненский айылный аймак,,20,true,1,2fdc0fa3-f23a-4206-924e-c807a1f320ac,import,2023-01-12,import,2023-01-12
101281,41702205840000,Ак-Чийский айылный аймак,,20,true,1,5bdc4b0c-0fb0-4b79-9945-3da104129f13,import,2023-01-12,import,2023-01-12
101282,41702205844000,Тепкенский айылный аймак,,20,true,1,b6e89305-6254-4384-a6b2-3ec85d151e7a,import,2023-01-12,import,2023-01-12
101283,41702205848000,Теплоключенский айылный аймак,,20,true,1,503b75fd-836c-4471-9e8e-472a9675aff7,import,2023-01-12,import,2023-01-12
101284,41702205850000,Челпекский айылный аймак,,20,true,1,e023e40f-f5d5-4e64-b7f7-8c58f138f1a0,import,2023-01-12,import,2023-01-12
101285,41702205852000,Энильчекский айылный аймак,,20,true,1,70fc1eef-259f-4e57-8d9f-22e0557200d5,import,2023-01-12,import,2023-01-12
101286,41702210805000,Ак-Дебенский айылный аймак,,21,true,1,8122f90b-4a47-4812-b5ba-03e7e45502cc,import,2023-01-12,import,2023-01-12
101287,41702210810000,Ак-Шыйракский айылный аймак,,21,true,1,0a7560fb-6eb3-4fd0-8e24-dbcb2e38768e,import,2023-01-12,import,2023-01-12
101288,41702210815000,Барскоонский айылный аймак,,21,true,1,d0a16a5d-188b-4100-8890-8aa9b151e5e8,import,2023-01-12,import,2023-01-12
101289,41702210820000,Дарканский айылный аймак,,21,true,1,ba906909-5b51-47b4-8a73-95a36b740c80,import,2023-01-12,import,2023-01-12
101290,41702210825000,Джаргылчакский айылный аймак,,21,true,1,393d69ae-a4fe-443d-837e-5bc41388e35b,import,2023-01-12,import,2023-01-12
101291,41702210830000,Джети-Огузский айылный аймак,,21,true,1,6a059551-91c8-4de5-80e5-ef537e4eea2e,import,2023-01-12,import,2023-01-12
101292,41702210835000,Ырдыкский айылный аймак,,21,true,1,4e2eb0d8-bf99-43d8-afad-430055cfdae2,import,2023-01-12,import,2023-01-12
101293,41702210840000,Липенский айылный аймак,,21,true,1,587aecdc-bec0-406e-b033-c29e8957c0e6,import,2023-01-12,import,2023-01-12
101294,41702210845000,Оргочорский айылный аймак,,21,true,1,b4916c42-b283-4a03-8fc0-15118639b10a,import,2023-01-12,import,2023-01-12
101295,41702210850000,Кызыл-Сууский айылный аймак,,21,true,1,12ccf349-df52-4ce1-a6c8-6e1caf6e4641,import,2023-01-12,import,2023-01-12
101296,41702210855000,Алдашевский айылный аймак,,21,true,1,17affb3c-2d2b-49d0-960e-9218aa2d31e7,import,2023-01-12,import,2023-01-12
101297,41702210860000,Светлополянский айылный аймак,,21,true,1,576435df-c880-4e21-b869-13b1438c55ba,import,2023-01-12,import,2023-01-12
101298,41702210862000,Тамгинский айылный аймак,,21,true,1,2298456d-84b4-4ae6-8c6e-0444d631d5d3,import,2023-01-12,import,2023-01-12
101299,41702215805000,Ананьевский айылный аймак,,22,true,1,995e79ee-91f4-4008-b7a9-1264f23f0d98,import,2023-01-12,import,2023-01-12
101300,41702215808000,Бостеринский айылный аймак,,22,true,1,1ebea857-61e6-4d6e-97a3-1efb6af6d623,import,2023-01-12,import,2023-01-12
101301,41702215810000,Айылный аймак Садыр аке,,22,true,1,a24534c0-de5d-43a3-abb5-79ea298d63a5,import,2023-01-12,import,2023-01-12
101302,41702215815000,Кара-Ойский айылный аймак,,22,true,1,aba4fefc-a160-4a09-ae11-0aefe52be051,import,2023-01-12,import,2023-01-12
101303,41702215820000,Кум-Бельский айылный аймак,,22,true,1,27b4ffe0-d0db-4d98-9a63-c4634de8b399,import,2023-01-12,import,2023-01-12
101304,41702215825000,Семеновский айылный аймак,,22,true,1,aa261312-1306-4c17-8d17-7b08501b155e,import,2023-01-12,import,2023-01-12
101305,41702215830000,Тамчынский айылный аймак,,22,true,1,52972164-9c55-457d-bb1f-40af290da481,import,2023-01-12,import,2023-01-12
101306,41702215835000,Абдрахмановский айылный аймак,,22,true,1,c0745af5-ee00-4672-a617-f00e7fefc72e,import,2023-01-12,import,2023-01-12
101307,41702215840000,Темировский айылный аймак,,22,true,1,2843f539-5d2c-4733-88ab-192829fe04c2,import,2023-01-12,import,2023-01-12
101308,41702215845000,Тору-Айгырский айылный аймак,,22,true,1,88d2ceae-3dfc-4473-9a57-d8cd3a8012e2,import,2023-01-12,import,2023-01-12
101309,41702215850000,Орюктинский айылный аймак,,22,true,1,882d592e-a42b-4ab3-beb1-2b445fa2d7f3,import,2023-01-12,import,2023-01-12
101310,41702215855000,Чон-Сары-Ойский айылный аймак,,22,true,1,b0c41c43-3151-44b0-bc86-13aa1bd2dc40,import,2023-01-12,import,2023-01-12
101311,41702220805000,Ак-Терекский айылный аймак,,23,true,1,c1f009f8-f83a-4d35-9788-b97246cadc39,import,2023-01-12,import,2023-01-12
101312,41702220806000,Кель-Терский айылный аймак,,23,true,1,a9fab4d0-11fc-4fca-95c8-d19d67b482b5,import,2023-01-12,import,2023-01-12
101313,41702220807000,Кек-Мойнокский айылный аймак,,23,true,1,784b0581-c4b5-4d91-86e4-a04e2e97fd0d,import,2023-01-12,import,2023-01-12
101314,41702220808000,Болот Мамбетовский айылный аймак ,,23,true,1,79c723ef-cd8d-42e9-8467-f0d5e3ad80ff,import,2023-01-12,import,2023-01-12
101315,41702220810000,Кюн-Чыгышский айылный аймак,,23,true,1,b0457110-1646-472e-b00a-f0d2b4083114,import,2023-01-12,import,2023-01-12
101316,41702220815000,Тонский айылный аймак,,23,true,1,829f0b01-c429-41e8-a695-118674ca12d9,import,2023-01-12,import,2023-01-12
101317,41702220820000,Терт-Кульский айылный аймак,,23,true,1,c54e304e-f37a-4115-9b34-fa9a8c25eb6d,import,2023-01-12,import,2023-01-12
101318,41702220825000,Улаколский айылный аймак,,23,true,1,c46de9f4-5dcd-4b6d-b6e7-a143eebf2130,import,2023-01-12,import,2023-01-12
101319,41702225810000,Аралский айылный аймак,,24,true,1,dafb501d-80c0-421a-96e1-b02550a8f113,import,2023-01-12,import,2023-01-12
101320,41702225815000,Иссык-Кельский айылный аймак,,24,true,1,bbf6ade1-3925-4a0b-b8b6-f9b16aa3503f,import,2023-01-12,import,2023-01-12
101321,41702225835000,Кутургинский айылный аймак,,24,true,1,9c3b85ed-e682-4302-af48-e9975439cffb,import,2023-01-12,import,2023-01-12
101322,41702225841000,Михайловский айылный аймак,,24,true,1,4ef64f80-071f-445d-a842-a3c7baf7ca60,import,2023-01-12,import,2023-01-12
101323,41702225847000,Тогуз-Булакский айылный аймак,,24,true,1,616a8bb1-57f6-4854-b73f-30469cdca15b,import,2023-01-12,import,2023-01-12
101324,41702225865000,Сан-Ташский айылный аймак,,24,true,1,6f7d1c8a-0ee0-4319-b98a-6500475b2a49,import,2023-01-12,import,2023-01-12
101325,41702225870000,Сары-Булакский айылный аймак,,24,true,1,c8a820dd-ce3c-47c7-b782-dbe5afef3d9e,import,2023-01-12,import,2023-01-12
101326,41702225873000,Ак-Булунский айылный аймак,,24,true,1,9a8cddf4-97c9-47e0-90a1-965a9f9e4880,import,2023-01-12,import,2023-01-12
101327,41702225876000,Талды-Сууский айылный аймак,,24,true,1,51fab747-e043-488c-b890-78db813354da,import,2023-01-12,import,2023-01-12
101328,41702225883000,Карасаевский айылный аймак,,24,true,1,d2ad2784-d8e8-4f1b-a411-b5fc23df9dab,import,2023-01-12,import,2023-01-12
101329,41702225889000,Тюпский айылный аймак,,24,true,1,6f694860-31af-45b7-90f2-10fb2b60958a,import,2023-01-12,import,2023-01-12
101330,41702225893000,Чон-Ташский айылный аймак,,24,true,1,05b9908f-9b25-4ae4-a0b0-86186ff8b126,import,2023-01-12,import,2023-01-12
101331,41703204804000,Ак-Коргонский  айылный аймак,,49,true,1,f22d313f-48b6-4869-978d-3105a2762123,import,2023-01-12,import,2023-01-12
101332,41703204806000,Ак-Тамский  айылный аймак,,49,true,1,12d6d709-a69f-4f66-8b6c-4eacd9579c1c,import,2023-01-12,import,2023-01-12
101333,41703204808000,Ала-Букинский  айылный аймак,,49,true,1,d28b808e-3ce6-4438-a9d4-d89940970883,import,2023-01-12,import,2023-01-12
101334,41703204827000,Кёк-Серекский  айылный аймак,,49,true,1,39ec6836-917b-4648-baef-9c529a91e47d,import,2023-01-12,import,2023-01-12
101335,41703204847000,Оруктунский  айылный аймак,,49,true,1,1c465e41-92d4-4c0b-855b-15d06bec5377,import,2023-01-12,import,2023-01-12
101336,41703204850000,Первомайский  айылный аймак,,49,true,1,eb524711-7a7e-4607-9b9f-c6cad3c8c26c,import,2023-01-12,import,2023-01-12
101337,41703204855000,Торогелди Балтагуловский  айылный аймак,,49,true,1,f2044b1d-4eec-4e9d-a76f-f59e0a60e987,import,2023-01-12,import,2023-01-12
101338,41703204856000,Кёк-Ташский  айылный аймак,,49,true,1,0b863723-30c2-4e6c-95ca-0d4afa98df84,import,2023-01-12,import,2023-01-12
101339,41703207808000,Акманский  айылный аймак,,50,true,1,cd29021f-378b-4144-ad16-89aeaf7b1bd3,import,2023-01-12,import,2023-01-12
101340,41703207812000,Базар-Коргонский  айылный аймак,,50,true,1,f2ec69c0-3708-4d6e-be80-ff20f0c93370,import,2023-01-12,import,2023-01-12
101341,41703207815000,Бешик-Жонский  айылный аймак,,50,true,1,86f015e9-c371-4e5d-b62e-56a77557e56a,import,2023-01-12,import,2023-01-12
101342,41703207826000,Арстанбапский  айылный аймак,,50,true,1,2642d321-751e-4267-95a9-4c00f536e3f6,import,2023-01-12,import,2023-01-12
101343,41703207832000,Кызыл-Ункюрский  айылный аймак,,50,true,1,d5b8f0cc-7175-430b-a668-a7c3de9fae00,import,2023-01-12,import,2023-01-12
101344,41703207842000,Моголский  айылный аймак,,50,true,1,93189dfa-6cb8-418d-9316-871502e2b37d,import,2023-01-12,import,2023-01-12
101345,41703207856000,Сайдыкумский  айылный аймак,,50,true,1,75bd701c-ba26-4aa8-ae04-11cb821541ae,import,2023-01-12,import,2023-01-12
101346,41703207857000,Талдуу-Булакский  айылный аймак,,50,true,1,93d56028-c12a-4fd3-9fe6-2fb5005b5ba1,import,2023-01-12,import,2023-01-12
101347,41703207859000,Кенешский айылный аймак,,50,true,1,6c9788ba-ac4e-451c-b4c8-68fd11b5b70b,import,2023-01-12,import,2023-01-12
101348,41703211804000,Ак-Жолский  айылный аймак,,54,true,1,97d08a94-1154-4349-a865-8773a31b9b92,import,2023-01-12,import,2023-01-12
101349,41703211808000,Авлетимский айылный аймак,,54,true,1,3b8ace37-bf89-4091-a69b-1d69e28c2fa4,import,2023-01-12,import,2023-01-12
101350,41703211813000,Джаны-Джольский  айылный аймак,,54,true,1,238f64db-8690-4cea-a51b-4de9874defa6,import,2023-01-12,import,2023-01-12
101351,41703211824000,Ак-Сууский  айылный аймак,,54,true,1,cb71a547-a3e2-41ca-97db-0919a854a480,import,2023-01-12,import,2023-01-12
101352,41703211832000,Кара-Жыгачский  айылный аймак,,54,true,1,ef300ab4-5210-4bd7-b6f3-abe88e7e05d6,import,2023-01-12,import,2023-01-12
101353,41703211836000,Кашка-Сууский  айылный аймак,,54,true,1,0b1808ca-80df-4656-8785-679ff2616335,import,2023-01-12,import,2023-01-12
101354,41703211842000, Мавляновкий  айылный аймак,,54,true,1,76eb1db4-c39c-427c-9784-408e19c27691,import,2023-01-12,import,2023-01-12
101355,41703211849000,Кызыл-Тууский  айылный аймак,,54,true,1,101fd268-198d-449c-ab73-55c3c48cb008,import,2023-01-12,import,2023-01-12
101356,41703211857000,Кара-Сууский  айылный аймак,,54,true,1,07a92b7d-7e88-4ca4-9e98-f4068cd61d96,import,2023-01-12,import,2023-01-12
101357,41703211860000,Джерге-Талский  айылный аймак,,54,true,1,d9925908-474a-4339-b994-89da2fa19b0e,import,2023-01-12,import,2023-01-12
101358,41703211863000,Назаралиевский айылный аймак,,54,true,1,65529265-76f5-4354-aa94-6f038fe45728,import,2023-01-12,import,2023-01-12
101359,41703215804000,Аралский  айылный аймак,,53,true,1,88c3e6c4-1837-48bf-9cac-2ebb1831c817,import,2023-01-12,import,2023-01-12
101360,41703215819000,Бюргёндинский  айылный аймак,,53,true,1,cdd946f6-2f54-4c42-b805-3c34f89209ff,import,2023-01-12,import,2023-01-12
101361,41703215821000,Достукский  айылный аймак,,53,true,1,fdc909b6-3285-41ef-aa72-a1300abcefc7,import,2023-01-12,import,2023-01-12
101362,41703215836000,Массынский  айылный аймак,,53,true,1,81c351e4-04b7-4fcf-84cc-cd2d67623bc9,import,2023-01-12,import,2023-01-12
101363,41703215840000,Момбековский  айылный аймак,,53,true,1,3d1ec83f-9b6e-46ef-a0fb-04bc4e974960,import,2023-01-12,import,2023-01-12
101364,41703215846000,Ноокатский  айылный аймак,,53,true,1,f600613f-42b1-4484-a922-14d1bd21e9ed,import,2023-01-12,import,2023-01-12
101365,41703215851000,Сакалдинский  айылный аймак,,53,true,1,37f01105-10f1-4a84-bf19-4e4d9c09c3cb,import,2023-01-12,import,2023-01-12
101366,41703215876000,Шайданский  айылный аймак,,53,true,1,8744f4fa-d5b4-417f-8882-28a0b412f185,import,2023-01-12,import,2023-01-12
101367,41703220805000,Курманбекский  айылный аймак,,55,true,1,e187b152-1216-4b4b-b7a9-cb9fbd180e80,import,2023-01-12,import,2023-01-12
101368,41703220812000,Барпынский  айылный аймак,,55,true,1,97ec2cad-aa0e-4adc-9df5-8cc7886a688d,import,2023-01-12,import,2023-01-12
101369,41703220825000,Кара-Алминский  айылный аймак,,55,true,1,576a27df-32df-4e8c-bd3d-385622737917,import,2023-01-12,import,2023-01-12
101370,41703220828000,Кара-Дарыянский  айылный аймак,,55,true,1,2b680bb0-f0e8-4597-bb71-3064dfe20fe9,import,2023-01-12,import,2023-01-12
101371,41703220834000,Кегартский  айылный аймак,,55,true,1,2383658f-5ffe-4f52-ac31-66165d4f51b6,import,2023-01-12,import,2023-01-12
101372,41703220838000,Кыз-Кёльский  айылный аймак,,55,true,1,c66a5ad6-b380-4bdf-a38c-86c0de938619,import,2023-01-12,import,2023-01-12
101373,41703220842000,Кызыл-Тууский  айылный аймак,,55,true,1,0de55e5d-ddab-420e-86f5-fb392ef9643d,import,2023-01-12,import,2023-01-12
101374,41703220846000,Ленинский  айылный аймак,,55,true,1,4a4e106f-a46f-4c38-ae43-082b0a9524a5,import,2023-01-12,import,2023-01-12
101375,41703220851000,Багышский  айылный аймак,,55,true,1,45dccaa6-71e6-41ca-8e66-831a9ff6486f,import,2023-01-12,import,2023-01-12
101376,41703220854000,Сайпидин-Атабековский  айылный аймак,,55,true,1,42561cbf-d830-43ee-b370-166c9aabc52b,import,2023-01-12,import,2023-01-12
101377,41703220856000,Сузакский  айылный аймак,,55,true,1,41cb86a0-206b-4f03-a47d-2bfcec485dc4,import,2023-01-12,import,2023-01-12
101378,41703220863000,Таш-Булакский  айылный аймак,,55,true,1,07f121f8-d0a6-4df3-ad20-52439e20160f,import,2023-01-12,import,2023-01-12
101379,41703220874000,Ырысский  айылный аймак,,55,true,1,38d2e1f9-838f-4df1-a230-a6f1c718df54,import,2023-01-12,import,2023-01-12
101380,41703223805000,Атайский  айылный аймак,,52,true,1,5f4ce9bf-8fb0-43f1-9bed-0f0110b52097,import,2023-01-12,import,2023-01-12
101381,41703223806000, Кок-Иримский айылный аймак,,52,true,1,a4861a3e-c08b-4486-990e-0c112d43bfe0,import,2023-01-12,import,2023-01-12
101382,41703223812000,Каргалыкский  айылный аймак,,52,true,1,6da55faa-9597-44a4-b774-71588c21610e,import,2023-01-12,import,2023-01-12
101383,41703223820000,Сары-Булунский  айылный аймак,,52,true,1,ceaadbeb-cbe4-40c7-b181-15f6f5da3e33,import,2023-01-12,import,2023-01-12
101384,41703223825000,Тогуз-Тороуский  айылный аймак,,52,true,1,7dfd1b37-4313-4d50-ad36-97e74af73f7f,import,2023-01-12,import,2023-01-12
101385,41703225807000,Бель-Алдынский  айылный аймак,,51,true,1,bed877ad-d479-4c79-9d4f-2e11b3c27077,import,2023-01-12,import,2023-01-12
101386,41703225815000,Джаны-Джольский  айылный аймак,,51,true,1,1085e5e0-6ce7-488e-91f8-cab598a5667c,import,2023-01-12,import,2023-01-12
101387,41703225820000,Кызыл-Озгорушский  айылный аймак,,51,true,1,e739033e-a324-407d-a5e6-49c08946282a,import,2023-01-12,import,2023-01-12
101388,41703225821000,Ничке-Сайский  айылный аймак,,51,true,1,a746d9e8-2a16-4555-bf38-df0bb5382258,import,2023-01-12,import,2023-01-12
101389,41703225825000,Кетмень-Дёбёнский  айылный аймак,,51,true,1,6f432f98-23ac-4e4a-8e4a-f6c69d5bb201,import,2023-01-12,import,2023-01-12
101390,41703225835000,Сары-Камышский  айылный аймак,,51,true,1,f8d84fca-1d7a-47b3-ae65-0ea4e3a12392,import,2023-01-12,import,2023-01-12
101391,41703225836000,Уч-Терекский  айылный аймак,,51,true,1,bd51bc26-596b-4b26-8aeb-f0b1b632b00a,import,2023-01-12,import,2023-01-12
101392,41703225840000,Аралбаевский  айылный аймак,,51,true,1,29f4d46d-4d96-4bdc-b68b-975e86dc0ffb,import,2023-01-12,import,2023-01-12
101393,41703225843000,Абды Суеркуловский  айылный аймак,,51,true,1,d784a5b2-e133-4290-88ac-98ea2d06888f,import,2023-01-12,import,2023-01-12
101394,41703225853000,Чолпон-Атинский  айылный аймак,,51,true,1,6e9c2f51-372c-44a9-adb4-01670abaf938,import,2023-01-12,import,2023-01-12
101395,41703230822000,Каныш-Кыянский  айылный аймак,,56,true,1,4da8df8a-10a2-4625-a9fd-cfdd26073cdf,import,2023-01-12,import,2023-01-12
101396,41703230841000,Чаткальский  айылный аймак,,56,true,1,6f3c1cfc-9132-4892-a140-eda195579cc3,import,2023-01-12,import,2023-01-12
101397,41703440100000,Каракульская горуправа,,57,true,1,dd34c410-8e96-4672-b444-b292d049b78d,import,2023-01-12,import,2023-01-12
101398,41704210806000,Ак-Талский айылный аймак,,29,true,1,98e3649f-f1f0-4379-af9e-72ff6f92c078,import,2023-01-12,import,2023-01-12
101399,41704210808000,Ак-Чийский айылный аймак,,29,true,1,6de9470b-3b50-4738-9dc1-6c5ab29fb9cb,import,2023-01-12,import,2023-01-12
101400,41704210809000,Баетовский айылный аймак,,29,true,1,5502c27a-1150-424c-b91b-67da63aa7ad9,import,2023-01-12,import,2023-01-12
101401,41704210811000,Терекский айылный аймак,,29,true,1,fb1ae415-f94b-4483-8a7b-cd8fa78bd46e,import,2023-01-12,import,2023-01-12
101402,41704210816000,Кара-Бюргенский айылный аймак,,29,true,1,eba28d74-472e-4356-9d3c-0509eb72ebde,import,2023-01-12,import,2023-01-12
101403,41704210818000,Конорчокский айылный аймак,,29,true,1,a3f25c12-8ca9-4ca7-aace-6d30e9726ef0,import,2023-01-12,import,2023-01-12
101404,41704210819000,Жерге-Тальский айылный аймак,,29,true,1,b2c3e61b-fa2c-4008-94dd-ee44c19edb9c,import,2023-01-12,import,2023-01-12
101405,41704210820000,Кош-Дебенский айылный аймак,,29,true,1,0f6d29eb-f9bf-4449-8092-ba51f1b16fd8,import,2023-01-12,import,2023-01-12
101406,41704210822000,Кызыл-Белесский айылный аймак,,29,true,1,381e5d8f-53ed-4987-88fc-aad399e5dc1f,import,2023-01-12,import,2023-01-12
101407,41704210825000,Джаны-Талапский айылный аймак,,29,true,1,30e5592f-c801-4a3b-8877-584dad3019bc,import,2023-01-12,import,2023-01-12
101408,41704210828000,Тоголок-Молдоский айылный аймак,,29,true,1,b3800684-8290-4913-b1a9-fced3b106960,import,2023-01-12,import,2023-01-12
101409,41704210830000,Кек-Джарский айылный аймак,,29,true,1,ddf9b0c4-0a98-4de6-a84e-0f834f5c88a5,import,2023-01-12,import,2023-01-12
101410,41704210840000,Угутский айылный аймак,,29,true,1,a0557387-873c-40e0-a65f-11a38770470d,import,2023-01-12,import,2023-01-12
101411,41704220803000,Ак-Джарский айылный аймак,,30,true,1,87a7bff7-4b62-4b1c-b425-68efbfe1aeaf,import,2023-01-12,import,2023-01-12
101412,41704220806000,Ак-Моюнский айылный аймак,,30,true,1,c6c91c36-a81c-4c61-b357-0081b27e2275,import,2023-01-12,import,2023-01-12
101413,41704220807000,Ак-Музский айылный аймак,,30,true,1,c89180bb-ffe0-4677-a2d2-d1a820cb5d47,import,2023-01-12,import,2023-01-12
101414,41704220808000,Ак-Талинский айылный аймак,,30,true,1,28bb7669-7a53-4529-97ec-b2740c34630d,import,2023-01-12,import,2023-01-12
101415,41704220812000,Ат-Башынский айылный аймак,,30,true,1,79af7dc9-5987-4265-b01a-3a8f95adee18,import,2023-01-12,import,2023-01-12
101416,41704220813000,Ача-Каиндинский айылный аймак,,30,true,1,f7ab659e-127a-48aa-a5cb-53e0e9d3c305,import,2023-01-12,import,2023-01-12
101417,41704220817000,Баш-Каиндинский айылный аймак,,30,true,1,fbd9e921-6d3d-48cc-ae12-63972a9d80f7,import,2023-01-12,import,2023-01-12
101418,41704220830000,Казыбекский айылный аймак,,30,true,1,a479d66e-0e4c-41cf-b7a9-a3e6b3bb1018,import,2023-01-12,import,2023-01-12
101419,41704220832000,Кара-Коюнский айылный аймак,,30,true,1,ebaffb24-1475-432c-bf72-195ceb70276c,import,2023-01-12,import,2023-01-12
101420,41704220836000,Кара-Сууский айылный аймак,,30,true,1,417b4659-cdc2-40bd-9017-5b8747cebb91,import,2023-01-12,import,2023-01-12
101421,41704220845000,Талды-Сууский айылный аймак,,30,true,1,f9c54f29-620d-4368-8b0a-44d54910e5b6,import,2023-01-12,import,2023-01-12
101422,41704230804000,Баш-Куугандынский айылный аймак,,31,true,1,98b9e3ce-83e3-43ed-b636-07aff8687e44,import,2023-01-12,import,2023-01-12
101423,41704230806000,Джаны-Арыкский айылный аймак,,31,true,1,1b8a2a29-fcb8-4cb6-9961-7f77c937579e,import,2023-01-12,import,2023-01-12
101424,41704230809000,Джумгальский айылный аймак,,31,true,1,dcc52a28-c249-4f36-babb-8b135b323415,import,2023-01-12,import,2023-01-12
101425,41704230813000,Кабакский айылный аймак,,31,true,1,2fcc4e7f-c45f-48fc-8b6d-ba819c84d3b7,import,2023-01-12,import,2023-01-12
101426,41704230815000,Кек-Ойский айылный аймак,,31,true,1,83133c30-4b6d-4270-b397-bf278e2572c2,import,2023-01-12,import,2023-01-12
101427,41704230817000,Байзаковский айылный аймак,,31,true,1,099513c6-14f8-4cbc-a31d-9a011c2f9c78,import,2023-01-12,import,2023-01-12
101428,41704230825000,Куйручукский айылный аймак,,31,true,1,69322ef0-6d67-48a4-9eaa-5c843e267f82,import,2023-01-12,import,2023-01-12
101429,41704230826000,Чон-Добонский айылный аймак,,31,true,1,5ec5e479-eead-4b47-b1ac-dca335d93e04,import,2023-01-12,import,2023-01-12
101430,41704230834000,Тугол-Сайский айылный аймак,,31,true,1,35c995d3-464e-4f5c-a579-c3a75a8e20c4,import,2023-01-12,import,2023-01-12
101431,41704230835000,Суюмбаевский айылный аймак,,31,true,1,700cf877-1bd9-4f5c-9689-499e10836a2b,import,2023-01-12,import,2023-01-12
101432,41704230836000,Чаекский айылный аймак,,31,true,1,d98a66d4-edc2-44e9-90b5-836b7745123e,import,2023-01-12,import,2023-01-12
101433,41704230837000,Кызыл-Жылдызский айылный аймак,,31,true,1,b8b8f7c7-96d0-4dee-9d7a-728cbd9bdb9c,import,2023-01-12,import,2023-01-12
101434,41704235806000,Ак-Кыянский айылный аймак,,32,true,1,bb2b3f34-b2f6-4238-a589-9fdfc94956a0,import,2023-01-12,import,2023-01-12
101435,41704235812000,Кара-Сууский айылный аймак,,32,true,1,b1cba95e-ec5f-41fd-9a8b-fde276018cd1,import,2023-01-12,import,2023-01-12
101436,41704235816000,Кочкорский айылный аймак,,32,true,1,bfd7dd4c-59f8-484c-b1c7-8215e74048c6,import,2023-01-12,import,2023-01-12
101437,41704235819000,Кош-Дебенский айылный аймак,,32,true,1,276575cc-95a3-4646-a709-9e4a2d96aec7,import,2023-01-12,import,2023-01-12
101438,41704235825000,Кум-Дебенский айылный аймак,,32,true,1,192509b2-e2fc-461c-b17d-eecd85a91fb8,import,2023-01-12,import,2023-01-12
101439,41704235830000,Сары-Булакский айылный аймак,,32,true,1,30387ee2-2e3b-46f6-bc1f-208f3d17561a,import,2023-01-12,import,2023-01-12
101440,41704235832000,Семиз-Бельский айылный аймак,,32,true,1,2d443aa0-e13f-4b30-b6c4-07dbfa7a4f52,import,2023-01-12,import,2023-01-12
101441,41704235835000,Талаа-Булакский айылный аймак,,32,true,1,6c6eabbb-b5cb-4d04-80af-708678d1937f,import,2023-01-12,import,2023-01-12
101442,41704235837000,Кок-Жарский айылный аймак,,32,true,1,3e6c3308-7a7c-4033-adfd-fd7bd1378fdd,import,2023-01-12,import,2023-01-12
101443,41704235842000,Чолпонский айылный аймак,,32,true,1,d6cd6060-f9f0-43ea-bcf1-c7bd08799838,import,2023-01-12,import,2023-01-12
101444,41704235843000,Сон-Кульский айылный аймак,,32,true,1,7d56d9a0-1746-4d64-9ed7-ce7a3ae3ee16,import,2023-01-12,import,2023-01-12
101445,41704245806000,Ак-Кудукский айылный аймак,,28,true,1,54fee582-752b-467f-b532-771e6711f2e9,import,2023-01-12,import,2023-01-12
101446,41704245812000,Дебелинский айылный аймак,,28,true,1,66d94e39-4e7a-4052-853f-5132a13eee1c,import,2023-01-12,import,2023-01-12
101447,41704245815000,Джан-Булакский айылный аймак,,28,true,1,abc93b71-4066-44d2-be2e-9328f4a1dc62,import,2023-01-12,import,2023-01-12
101448,41704245818000,Джергеталский айылный аймак,,28,true,1,bfff1036-d3d6-4e7f-829a-d4f4f2b306f2,import,2023-01-12,import,2023-01-12
101449,41704245825000,Казан-Куйганский айылный аймак,,28,true,1,70f63988-bf74-4566-972a-84e0437d8a41,import,2023-01-12,import,2023-01-12
101450,41704245829000,Кара-Куджурский айылный аймак,,28,true,1,ec64d43d-4529-496b-a355-b492f8bb5ceb,import,2023-01-12,import,2023-01-12
101451,41704245832000,Эмгекчильский  айылный аймак,,28,true,1,b72cd350-c39e-439d-bdbf-7a5a7626d2d7,import,2023-01-12,import,2023-01-12
101452,41704245835000,Мин-Булакскский айылный аймак,,28,true,1,4238e21f-7d08-4e7c-9e35-99486d5001ce,import,2023-01-12,import,2023-01-12
101453,41704245840000,Он-Арчинский айылный аймак,,28,true,1,cb1aead7-f9d9-4fbc-b82b-919076724969,import,2023-01-12,import,2023-01-12
101454,41704245844000,Ортокский айылный аймак,,28,true,1,682279a3-109e-4dae-bf74-b15a0420ac55,import,2023-01-12,import,2023-01-12
101455,41704245845000,Учкунский айылный аймак,,28,true,1,ef08b36a-4d46-4bc1-87e5-e3bed762b962,import,2023-01-12,import,2023-01-12
101456,41704245850000,Чет-Нуринский айылный аймак,,28,true,1,3b4c07f0-c536-494c-acee-ef8801989ba4,import,2023-01-12,import,2023-01-12
101457,41704245855000,Эмгек-Талинский айылный аймак,,28,true,1,8f9c6db9-1f26-469c-ab90-504259efee83,import,2023-01-12,import,2023-01-12
101458,41704245860000,Сары-Ойский айылный аймак,,28,true,1,6b7677c2-2aad-49ba-a76d-87bbce041b22,import,2023-01-12,import,2023-01-12
101459,41705214812000,Дарыинский айылный аймак,,63,true,1,8b88a364-d904-4401-9530-951e9abc8e34,import,2023-01-12,import,2023-01-12
101460,41705214814000,Терт-Гюльский айылный аймак,,63,true,1,9be7a448-d60e-4127-8fb6-bb151a52c49c,import,2023-01-12,import,2023-01-12
101461,41705214823000,Кара-Бакский айылный аймак,,63,true,1,f160a8fe-efac-44bd-ae57-660b4e475399,import,2023-01-12,import,2023-01-12
101462,41705214824000,Кара-Булакский айылный аймак,,63,true,1,e71d25e4-1250-4202-a3ba-1b160fb55edb,import,2023-01-12,import,2023-01-12
101463,41705214835000,Кыштутский айылный аймак,,63,true,1,f67d67bd-4c2d-44b9-a23a-257dd433ae5c,import,2023-01-12,import,2023-01-12
101464,41705214846000,Самаркандекский айылный аймак,,63,true,1,98bfe286-04b2-4a13-87b2-df65517d22cf,import,2023-01-12,import,2023-01-12
101465,41705214848000,Аксайский айылный аймак,,63,true,1,26d0eb62-cc16-45e7-8d31-ed38c113bd8e,import,2023-01-12,import,2023-01-12
101466,41705214849000,Ак-Татырский айылный аймак,,63,true,1,90fcacc9-e0f0-4e95-a935-dcd1b3de5b55,import,2023-01-12,import,2023-01-12
101467,41705214852000,Суу-Башынский айылный аймак,,63,true,1,cd225d3a-fe57-471c-9485-b01046858d27,import,2023-01-12,import,2023-01-12
101468,41705236802000,Ак-Сууский айылный аймак,,62,true,1,d8f3cead-d11b-4482-9b17-78f3ea0ffa52,import,2023-01-12,import,2023-01-12
101469,41705236804000,Бешкентский айылный аймак,,62,true,1,e8359b8f-90e9-4987-b88a-ad9476bfb0dc,import,2023-01-12,import,2023-01-12
101470,41705236806000,Маргунский айылный аймак,,62,true,1,6a539fa1-0b7c-4313-9f35-da48e32a1fe8,import,2023-01-12,import,2023-01-12
101471,41705236808000,Джаны-Джерский айылный аймак,,62,true,1,9e1a97aa-6c25-4d36-8f57-139f296236f6,import,2023-01-12,import,2023-01-12
101472,41705236816000,Лейлекский айылный аймак,,62,true,1,17cb91c7-2da6-49e6-afaa-8c91f453f2a5,import,2023-01-12,import,2023-01-12
101473,41705236818000,Катранский  айылный аймак,,62,true,1,9ffb04f4-c352-432d-a416-9b1a0cc863fd,import,2023-01-12,import,2023-01-12
101474,41705236825000,Кулундинский айылный аймак,,62,true,1,32bb713d-1465-4744-abcc-db2ac78aabc5,import,2023-01-12,import,2023-01-12
101475,41705236836000,Сумбулинский айылный аймак,,62,true,1,3aee57ab-4323-46d3-b46d-d8f2a35b0891,import,2023-01-12,import,2023-01-12
101476,41705236842000,Тогуз-Булакский айылный аймак,,62,true,1,4e43853c-c60e-4688-92d0-c2efd92881a6,import,2023-01-12,import,2023-01-12
101477,41705258804000,Ак-Турпакский айылный аймак,,64,true,1,fd94e9db-fc3f-4981-9949-80e3eb6f4707,import,2023-01-12,import,2023-01-12
101478,41705258808000,Алгинский айылный аймак,,64,true,1,31b3f0de-1627-4a60-a35b-c5b0734cf5fe,import,2023-01-12,import,2023-01-12
101479,41705258812000,Бирликский айылный аймак,,64,true,1,736bfb41-84ea-4d3b-81e8-b8541235efcb,import,2023-01-12,import,2023-01-12
101480,41705258819000,Абсамат Масалиевский айылный аймак,,64,true,1,8be2513a-847e-44f8-a3f0-c7d080fae7d8,import,2023-01-12,import,2023-01-12
101481,41705258825000,Котормоский айылный аймак,,64,true,1,4b11b0c6-d3bb-4f76-9204-ac82fe1ad9ef,import,2023-01-12,import,2023-01-12
101482,41705258830000,Майданский айылный аймак,,64,true,1,b2cc1759-085d-4722-b9ea-e259de43ade3,import,2023-01-12,import,2023-01-12
101483,41705258834000,Марказский айылный аймак,,64,true,1,31f96667-441d-4533-b78c-82ee846acdf4,import,2023-01-12,import,2023-01-12
101484,41705258842000,Орозбековский айылный аймак,,64,true,1,f89d9ed0-b21b-47c4-a30f-698d1b62a8b8,import,2023-01-12,import,2023-01-12
101485,41705258849000,Уч-Коргонский айылный аймак,,64,true,1,a3f469c8-e21f-4522-85c7-fc112c61ece2,import,2023-01-12,import,2023-01-12
101486,41705258860000,Халмионский айылный аймак,,64,true,1,cab0ad72-7456-472c-9b8b-1e17cbbb1b4b,import,2023-01-12,import,2023-01-12
101487,41705258861000,Кыргыз-Кыштакский айылный аймак,,64,true,1,d52e47f6-b640-4f2b-aa85-12b5257d5c65,import,2023-01-12,import,2023-01-12
101488,41706207804000,Алайский айылный аймак им.К. Белекбаева,,42,true,1,a505f316-a1bb-45d4-ad7c-b1a845b7ba54,import,2023-01-12,import,2023-01-12
101489,41706207809000,Будалыкский айылный аймак,,42,true,1,1d18134e-70f6-4cb9-b15a-25dbeeccbac6,import,2023-01-12,import,2023-01-12
101490,41706207811000,Бюлелинский айылный аймак,,42,true,1,ebabda44-5961-4457-a245-9965ce461074,import,2023-01-12,import,2023-01-12
101491,41706207814000,Гульчинский айылный аймак,,42,true,1,c7b1634e-f645-4eeb-a0d2-5c64031f7a8c,import,2023-01-12,import,2023-01-12
101492,41706207818000,Джошолунский айылный аймак,,42,true,1,7ba6b344-817c-496b-b3ba-fc107619b72d,import,2023-01-12,import,2023-01-12
101493,41706207822000,Конур-Добонский айылный аймак,,42,true,1,3b7dc502-129f-4135-8a7f-f2cd672e9b6f,import,2023-01-12,import,2023-01-12
101494,41706207823000,Кабылан-Колский айылный аймак,,42,true,1,3686cf54-50b7-4cc1-a280-cf3d9f111701,import,2023-01-12,import,2023-01-12
101495,41706207825000,Корульский айылный аймак,,42,true,1,7883a8fb-ec3f-4712-8b1d-8bd121db4a8e,import,2023-01-12,import,2023-01-12
101496,41706207830000,Ленинский айылный аймак,,42,true,1,742bd072-f422-4b47-a057-0ca730d23dc2,import,2023-01-12,import,2023-01-12
101497,41706207838000,Талды-Сууский айылный аймак,,42,true,1,1202973b-943e-48a1-a367-fbdf5e12a70f,import,2023-01-12,import,2023-01-12
101498,41706207839000,Сары-Моголский айылный аймак,,42,true,1,7e35a68f-6197-49d9-8d96-72b18956218b,import,2023-01-12,import,2023-01-12
101499,41706207840000,Уч-Дебенский айылный аймак,,42,true,1,6c63c998-83f5-47eb-beee-0b803eb4b4ce,import,2023-01-12,import,2023-01-12
101500,41706207841000,Жаны-Алайский айылный аймак,,42,true,1,c2a87ce9-0e9e-4747-a200-bb421e53d790,import,2023-01-12,import,2023-01-12
101501,41706211807000,Алля Анаровский айылный аймак,,44,true,1,e2704dd3-f068-4dbf-ab9e-82fbba9cdece,import,2023-01-12,import,2023-01-12
101502,41706211809000,С.Юсуповский айылный аймак,,44,true,1,a43d6fbe-8516-43e8-ba3b-7290aa9582c4,import,2023-01-12,import,2023-01-12
101503,41706211812000,Мангытский айылный аймак,,44,true,1,d3702ee3-5323-4262-8a72-c084cc46b5d7,import,2023-01-12,import,2023-01-12
101504,41706211815000,Керме-Тооский айылный аймак,,44,true,1,62078280-ad96-4cec-b95e-8c71fad1eb82,import,2023-01-12,import,2023-01-12
101505,41706211823000,Тепе-Коргонский айылный аймак,,44,true,1,3d1bac03-8c54-4ddc-97c9-fb98f002fd17,import,2023-01-12,import,2023-01-12
101506,41706211824000,Нурабадский айылный аймак,,44,true,1,c9b6e394-8542-4a33-b148-6ca2a3f71084,import,2023-01-12,import,2023-01-12
101507,41706211829000,Тео-Моюнский айылный аймак,,44,true,1,b02f2397-90af-483c-9e52-5889866417b1,import,2023-01-12,import,2023-01-12
101508,41706211835000,Чек-Абадский айылный аймак,,44,true,1,b11e251b-a85b-4fd5-bfca-7539d7ef5d06,import,2023-01-12,import,2023-01-12
101509,41706226804000,Ак-Ташский айылный аймак,,41,true,1,7e750ec0-0ae8-4969-95dd-4579af8226aa,import,2023-01-12,import,2023-01-12
101510,41706226806000,Джаны-Арыкский айылный аймак,,41,true,1,c1450115-edea-4436-b450-f89c422579c1,import,2023-01-12,import,2023-01-12
101511,41706226807000,Жоошский айылный аймак,,41,true,1,ad411ee7-8320-43d3-9bf5-c88246ff76a4,import,2023-01-12,import,2023-01-12
101512,41706226812000,Катта-Талдыкский айылный аймак,,41,true,1,7ca54145-5cd2-499c-9e72-5976197396c4,import,2023-01-12,import,2023-01-12
101513,41706226816000,Кашгар-Кыштакский айылный аймак,,41,true,1,6b3718f3-0e1a-4c5f-b992-55d75972d492,import,2023-01-12,import,2023-01-12
101514,41706226819000,Кызыл-Кыштакский айылный аймак,,41,true,1,876be2a0-807e-48e5-a122-787c744603ef,import,2023-01-12,import,2023-01-12
101515,41706226822000,Кызыл-Сууский айылный аймак,,41,true,1,8092fcd0-8369-4d08-856d-bcea256fecbd,import,2023-01-12,import,2023-01-12
101516,41706226826000,Мадынский айылный аймак,,41,true,1,95867f3a-74d8-490c-b7da-9f6a790c9e5b,import,2023-01-12,import,2023-01-12
101517,41706226830000,Наримановский айылный аймак,,41,true,1,8dcec0c7-8d1c-42cf-bd47-6ae5b360ba58,import,2023-01-12,import,2023-01-12
101518,41706226838000,Отуз-Адырский айылный аймак,,41,true,1,45dab9a0-2ecd-4250-9d96-eecdd5a9ab6c,import,2023-01-12,import,2023-01-12
101519,41706226840000,Сары-Колотский айылный аймак,,41,true,1,2c47403d-f53b-4581-9324-bb45d387d93b,import,2023-01-12,import,2023-01-12
101520,41706226842000,Папанский айылный аймак,,41,true,1,29a1322f-f9c1-4172-b761-23ead692476e,import,2023-01-12,import,2023-01-12
101521,41706226850000,Савайский айылный аймак,,41,true,1,6420e646-2c13-427f-ba8d-851848aa1b50,import,2023-01-12,import,2023-01-12
101522,41706226854000,Сарайский айылный аймак,,41,true,1,92bc0c22-d571-4cd6-bcd3-dcbf9a4656a4,import,2023-01-12,import,2023-01-12
101523,41706226862000,Телейкенский айылный аймак,,41,true,1,9de63028-a6f5-449f-a881-b286edca8604,import,2023-01-12,import,2023-01-12
101524,41706226868000,Шаркский айылный аймак,,41,true,1,daff1c6f-bd1b-4f96-a690-ce34e8ac5163,import,2023-01-12,import,2023-01-12
101525,41706242808000,Бельский айылный аймак,,45,true,1,d3a41859-5855-4807-8407-bc8d17c20716,import,2023-01-12,import,2023-01-12
101526,41706242811000,Гюльстанский айылный аймак,,45,true,1,a4dbe994-cd69-45dc-aaf6-3406cfa56e8b,import,2023-01-12,import,2023-01-12
101527,41706242812000,Кара-Ташский айылный аймак,,45,true,1,77d66cd1-0946-4698-9b9e-547812eae569,import,2023-01-12,import,2023-01-12
101528,41706242813000,Кулатовский айылный аймак,,45,true,1,33526948-df65-48a7-8d24-1f86ac762f57,import,2023-01-12,import,2023-01-12
101529,41706242814000,Джаны-Ноокатский айылный аймак,,45,true,1,137622d1-7a05-4910-a888-9e0e63992c68,import,2023-01-12,import,2023-01-12
101530,41706242825000,Кенешский айылный аймак,,45,true,1,18554cad-1d32-4b94-b3df-30e15099cb34,import,2023-01-12,import,2023-01-12
101531,41706242829000,Кыргыз-Атинский айылный аймак,,45,true,1,f41637e9-74cc-4773-af05-a475cad734c2,import,2023-01-12,import,2023-01-12
101532,41706242832000,Айылный аймак им.Токтомата Зулпуева,,45,true,1,dd75164c-3fcb-431d-8d0d-d468c0c0c4d2,import,2023-01-12,import,2023-01-12
101533,41706242836000,Исановский айылный аймак,,45,true,1,9ad78795-3202-4045-8b70-e10e536c71ef,import,2023-01-12,import,2023-01-12
101534,41706242838000,Кок-Бельский айылный аймак,,45,true,1,c4c02d21-e1c9-47f0-b2a0-247e09d8ccff,import,2023-01-12,import,2023-01-12
101535,41706242839000,Кызыл-Октябьский айылный аймак    ,,45,true,1,87fb3b8e-9a82-4f4f-a1cd-88bdd439e324,import,2023-01-12,import,2023-01-12
101536,41706242845000,Он-Эки-Бельский айылный аймак,,45,true,1,db91518c-4a48-44f6-a042-fd629d14d0ac,import,2023-01-12,import,2023-01-12
101537,41706242850000,Теелес айылный аймак,,45,true,1,ef322fba-39e7-499a-9649-c5ec868b29bc,import,2023-01-12,import,2023-01-12
101538,41706242856000,Мирмахмудовский айылный аймак,,45,true,1,cf6ac6d9-3ea4-43c2-a5de-f92891763c7a,import,2023-01-12,import,2023-01-12
101539,41706242862000,Ынтымакский айылный аймак,,45,true,1,0f7b9af7-29f7-41d9-9955-edbd0df68ca1,import,2023-01-12,import,2023-01-12
101540,41706246804000,Алайкууский айылный аймак,,46,true,1,78f3307f-a54d-420d-b15d-6dc2cf6435fe,import,2023-01-12,import,2023-01-12
101541,41706246812000,Капчыгайский айылный аймак,,46,true,1,0009d5fe-f0f6-42a6-adb7-c2716554fe35,import,2023-01-12,import,2023-01-12
101542,41706246815000,Кенешский айылный аймак,,46,true,1,87a34cdf-39b1-4e22-b4b8-6302fcea857e,import,2023-01-12,import,2023-01-12
101543,41706246816000,Карагузский айылный аймак,,46,true,1,ce5abef2-0b29-435e-ba69-a532956c2cd5,import,2023-01-12,import,2023-01-12
101544,41706246818000,Кара-Кочкорский айылный аймак,,46,true,1,3f6221c4-e952-4282-a82a-6eb9dc17bd7d,import,2023-01-12,import,2023-01-12
101545,41706246820000,Кара-Кульджинский айылный аймак,,46,true,1,0c639721-293a-47da-99e9-f62b7676cef4,import,2023-01-12,import,2023-01-12
101546,41706246826000,Кызыл-Жарский айылный аймак,,46,true,1,ab41243e-0f1b-4c58-90db-e405dcb3d654,import,2023-01-12,import,2023-01-12
101547,41706246834000,Ылай-Талинский айылный аймак,,46,true,1,96d3d59a-ee37-4732-a13e-25fe9d7aff52,import,2023-01-12,import,2023-01-12
101548,41706246838000, Ой-Талский айылный аймак,,46,true,1,2314e4e4-b28f-455d-855a-ffc84c7d023e,import,2023-01-12,import,2023-01-12
101549,41706246849000,Сары-Булакский айылный аймак,,46,true,1,e604b67d-a964-4ce5-8d53-bce36fed7cc4,import,2023-01-12,import,2023-01-12
101550,41706246860000, Чалминский айылный аймак,,46,true,1,c27911f7-613f-4ff8-a1ab-7dea1e9191a7,import,2023-01-12,import,2023-01-12
101551,41706246861000,Кашка-Жолский айылный аймак,,46,true,1,09bd1f60-c17b-429c-9403-82d209a727bb,import,2023-01-12,import,2023-01-12
101552,41706255804000,Ак-Джарский айылный аймак,,40,true,1,3bf72b48-5706-4f1e-a5d4-cb09b6c2eca6,import,2023-01-12,import,2023-01-12
101553,41706255808000,Баш-Дебенский айылный аймак,,40,true,1,8df29284-5d80-49d4-996a-fe2a678b8c03,import,2023-01-12,import,2023-01-12
101554,41706255813000,Джалпак-Ташский айылный аймак,,40,true,1,e714e78c-ab56-4cba-b2d8-ae97467963c1,import,2023-01-12,import,2023-01-12
101555,41706255815000,Джыландынский айылный аймак,,40,true,1,03313b62-145b-420a-ac1d-aea4a615efc2,import,2023-01-12,import,2023-01-12
101556,41706255817000,Ден-Булакский айылный аймак,,40,true,1,7d160e26-9f91-4401-9444-cedbaf4b9919,import,2023-01-12,import,2023-01-12
101557,41706255822000,Заргерский айылный аймак,,40,true,1,3dada728-e5be-488f-a1be-8188b749621d,import,2023-01-12,import,2023-01-12
101558,41706255824000,Жазыский айылный аймак,,40,true,1,fb8deb9c-e1d4-4714-8607-a1669c6d54cf,import,2023-01-12,import,2023-01-12
101559,41706255826000,Ийри-Сууский айылный аймак,,40,true,1,6a9714e7-eee1-4040-b2d2-cf40afcd0cd5,import,2023-01-12,import,2023-01-12
101560,41706255828000,Чангетский айылный аймак,,40,true,1,c7c886f2-8a71-4490-ba80-9db89ae9eaa3,import,2023-01-12,import,2023-01-12
101561,41706255830000,Кара-Ташский айылный аймак,,40,true,1,fb845a82-f502-4dbd-8d32-40c14cf3014d,import,2023-01-12,import,2023-01-12
101562,41706255832000,Кароолский айылный аймак,,40,true,1,54d030dd-f93e-47aa-80da-58b75f3b6b7a,import,2023-01-12,import,2023-01-12
101563,41706255840000,Кельдюкский айылный аймак,,40,true,1,b0e5f8a5-d3d7-43ea-a175-e37bd41e7712,import,2023-01-12,import,2023-01-12
101564,41706255844000,Кызыл-Октябрьский айылный аймак,,40,true,1,653af30a-57b3-4013-8b2d-12b374f0f4b2,import,2023-01-12,import,2023-01-12
101565,41706255847000,Кызыл-Тооский айылный аймак,,40,true,1,84e4d91b-0d69-454b-bfa7-956e1074c66c,import,2023-01-12,import,2023-01-12
101566,41706255853000,Куршабский айылный аймак,,40,true,1,000460f3-55f6-400d-bd30-abf20305983e,import,2023-01-12,import,2023-01-12
101567,41706255859000,Мырзакинский айылный аймак,,40,true,1,dfb93732-edf4-4310-8698-1216ad1f9ffb,import,2023-01-12,import,2023-01-12
101568,41706255860000,Алтын-Булакский айылный аймак,,40,true,1,9b344838-da26-4803-8fa6-0fac46b18d57,import,2023-01-12,import,2023-01-12
101569,41706255865000,Саламаликский айылный аймак,,40,true,1,2b4acc0f-b8b6-419b-9ce5-5ba4b87c560c,import,2023-01-12,import,2023-01-12
101570,41706255876000,Терт-Кельский айылный аймак,,40,true,1,96b1b4f0-5081-41fd-b53d-2a806a8506a2,import,2023-01-12,import,2023-01-12
101571,41706259816000,Жекендинский айылный аймак,,43,true,1,4552329c-9279-4a03-a33c-066ccb349a22,import,2023-01-12,import,2023-01-12
101572,41706259824000,Кашка-Сууский айылный аймак,,43,true,1,e55acec9-96b8-4104-ba06-3e3c59633744,import,2023-01-12,import,2023-01-12
101573,41706259851000,Чон-Алайский айылный аймак,,43,true,1,1a99672d-e45a-4970-afb9-09f5b1752743,import,2023-01-12,import,2023-01-12
101574,41707215804000,Ак-Чийский айылный аймак,,34,true,1,4a82221f-cf99-403f-ad9c-5b81f243ac0e,import,2023-01-12,import,2023-01-12
101575,41707215805000,Бейшекенский айылный аймак,,34,true,1,b80f96b9-f3a0-44ff-bcea-bc4411afcf96,import,2023-01-12,import,2023-01-12
101576,41707215806000,Бакыянский айылный аймак,,34,true,1,c0cae816-c66e-44e6-b40e-c7576d4a6e6f,import,2023-01-12,import,2023-01-12
101577,41707215807000,Аманбаевский айылный аймак,,34,true,1,7c585b84-ec67-4a96-987d-fa529ee73604,import,2023-01-12,import,2023-01-12
101578,41707215815000,Бакайырский айылный аймак,,34,true,1,7defffb5-0ec9-4bdf-beb6-db55d257ac7c,import,2023-01-12,import,2023-01-12
101579,41707215818000,Кара-Бууринский айылный аймак,,34,true,1,1660fed1-9534-4529-97d3-330d34147d2b,import,2023-01-12,import,2023-01-12
101580,41707215821000,Кек-Сайский айылный аймак,,34,true,1,dbc37d96-3da5-4380-9040-d5a0c2315634,import,2023-01-12,import,2023-01-12
101581,41707215843000,Шекерский айылный аймак,,34,true,1,c55811ec-218d-4e70-a525-f9f7c4abc8d7,import,2023-01-12,import,2023-01-12
101582,41707220808000,Шадыканский айылный аймак,,35,true,1,91be37eb-de3b-441e-aa3d-94d9e49e4db3,import,2023-01-12,import,2023-01-12
101583,41707220823000,Боо-Терекский айылный аймак,,35,true,1,0006c90d-3fbf-4dee-aade-05008a7ee0ff,import,2023-01-12,import,2023-01-12
101584,41707220826000,Акназаровский айылный аймак,,35,true,1,344223c4-0b9f-4c04-a10c-1cbf6e52c8ea,import,2023-01-12,import,2023-01-12
101585,41707220828000,Кен-Аралский айылный аймак,,35,true,1,73f87a64-0dd6-4190-84e8-035d326468f6,import,2023-01-12,import,2023-01-12
101586,41707220830000,Ленинпольский айылный аймак,,35,true,1,df2d2c31-d5c3-495e-852f-3b54358cce89,import,2023-01-12,import,2023-01-12
101587,41707220833000,Мин-Булакский айылный аймак,,35,true,1,a63696ba-5300-4559-93d9-baff17135249,import,2023-01-12,import,2023-01-12
101588,41707220835000,Озгерюшский айылный аймак,,35,true,1,ba11e386-7a93-47f7-8b84-13c3203cddbe,import,2023-01-12,import,2023-01-12
101589,41707220840000,Ак-Дебенский айылный аймак,,35,true,1,a18abb68-24e7-400f-97e8-aaeb68e5d377,import,2023-01-12,import,2023-01-12
101590,41707220843000,Ороский айылный аймак,,35,true,1,03c40f65-5972-4be0-858d-a7367a84e873,import,2023-01-12,import,2023-01-12
101591,41707225818000,Каиндинский айылный аймак,,36,true,1,f93b3f4a-184c-42ef-bce8-4859b3a3f7b7,import,2023-01-12,import,2023-01-12
101592,41707225820000,Киргизия айылный аймак,,36,true,1,de41d999-0230-45b9-a3ac-dd9e65eb0073,import,2023-01-12,import,2023-01-12
101593,41707225826000,Майский айылный аймак,,36,true,1,c7b7e8ae-39a4-484b-8ebd-61a6c6717532,import,2023-01-12,import,2023-01-12
101594,41707225833000,Покровский айылный аймак,,36,true,1,05bdddbc-4ea0-4e2a-80bb-85c83a6c586a,import,2023-01-12,import,2023-01-12
101595,41707225845000,Уч-Коргонский айылный аймак,,36,true,1,b86712e5-a2d3-4d49-86ea-9e2018919478,import,2023-01-12,import,2023-01-12
101596,41707232804000,Аралский айылный аймак,,37,true,1,1f1844cb-9c5a-4126-bcb9-87f8ad86fb30,import,2023-01-12,import,2023-01-12
101597,41707232810000,Джергеталский айылный аймак,,37,true,1,26924c7d-aa31-47e4-be1c-bf7598d4e0ae,import,2023-01-12,import,2023-01-12
101598,41707232813000,Долонский айылный аймак,,37,true,1,ba1f37e1-7b61-454a-be65-32f6b01e0224,import,2023-01-12,import,2023-01-12
101599,41707232820000,Кок-Ойский айылный аймак,,37,true,1,80a9dbc6-74c6-4ab0-b2b7-5d75d5d80339,import,2023-01-12,import,2023-01-12
101600,41707232825000,Бекмолдоевский  айылный аймак,,37,true,1,5fb18ed4-0da2-492c-beea-71da0f025bb4,import,2023-01-12,import,2023-01-12
101601,41707232829000,Айдаралиевский айылный аймак,,37,true,1,03cd2372-a81a-4bfd-9184-10711cdd5a7e,import,2023-01-12,import,2023-01-12
101602,41707232832000,Нуржановский айылный аймак,,37,true,1,8b46e615-e82d-41b2-b7de-c500e183fc48,import,2023-01-12,import,2023-01-12
101603,41707232843000,   Айылный аймак Бердике Батыра ,,37,true,1,f0972e08-5ac5-4c6e-8f48-2acc46c3ab5b,import,2023-01-12,import,2023-01-12
101604,41707232847000,Осмонкуловский айылный аймак,,37,true,1,b0b3a5b8-0521-4e28-980c-f392a23dd7a4,import,2023-01-12,import,2023-01-12
101605,41707232859000,Омуралиевский айылный аймак,,37,true,1,b693d7ae-0290-4afe-96ca-ed98d69555a3,import,2023-01-12,import,2023-01-12
101606,41707232860000,Куугандинский айылный аймак,,37,true,1,c1302b53-5798-4515-a32c-0965fa8d30df,import,2023-01-12,import,2023-01-12
101607,41707232861000,Кара-Суйский айылный аймак,,37,true,1,284b767a-0328-49ab-9e47-3804fcc4bedd,import,2023-01-12,import,2023-01-12
101608,41707232862000,Калбинский айылный аймак,,37,true,1,eda0d67e-dffb-4052-865a-163d2925f220,import,2023-01-12,import,2023-01-12
101609,41708203807000,Аламудунский айылный аймак,,11,true,1,77922758-e251-4993-aa56-810ae9fee6f0,import,2023-01-12,import,2023-01-12
101610,41708203859000,Пригородный айылный аймак,,11,true,1,df519855-bfb9-4277-9d0e-56411619c860,import,2023-01-12,import,2023-01-12
101611,41708206821000,Интернациональный айылный аймак,,12,true,1,0ee4b811-605e-4930-be4a-d34f0e6f74ca,import,2023-01-12,import,2023-01-12
101612,41708206838000,Кочкорбаевский айылный аймак,,12,true,1,cad53bef-630b-48b7-a594-79df2c8106df,import,2023-01-12,import,2023-01-12
101613,41708206873000,Узун-Кырский айылный аймак,,12,true,1,6e7374a3-da7b-4001-925c-3a96dd30a869,import,2023-01-12,import,2023-01-12
101614,41706242865000,Найманский айылный аймак,,45,true,1,01e1d011-4bb9-4639-851b-a4d6a93d5eb3,import,2023-01-12,import,2023-01-12
101615,41708209814000,Красновосточный айылный аймак,,15,true,1,30702101-f67c-49d3-807d-09f72707ad1e,import,2023-01-12,import,2023-01-12
101616,41708209817000,Кызыл-Дыйканский айылный аймак,,15,true,1,2ef2bdf2-bbf8-4c11-b0df-80ab7ae5d82f,import,2023-01-12,import,2023-01-12
101617,41708209822000,Ак-Башатский айылный аймак,,15,true,1,ddccac75-1542-4564-bcfd-7707aec0bbd7,import,2023-01-12,import,2023-01-12
101618,41708209838000,Сары-Кооский айылный аймак,,15,true,1,bda28191-4809-40c0-9b5f-186f4bd67d34,import,2023-01-12,import,2023-01-12
101619,41708217845000,Целинный айылный аймак,,16,true,1,b79cff9a-fa57-4594-933b-1b35a8c1ef89,import,2023-01-12,import,2023-01-12
101620,41708222834000,Айылный аймак им.Крупской ,,14,true,1,b88e28f3-7ec1-4f1a-ab89-6948c2a570d4,import,2023-01-12,import,2023-01-12
101621,41708203803000,Ак-Дебенский айылный аймак,,11,true,1,f6a70acf-e31a-45eb-90e7-0232173896ad,import,2023-01-12,import,2023-01-12
101622,41708203805000,Ала-Арчинский айылный аймак,,11,true,1,25199f45-1008-4c1d-8f5f-623b9bac85b9,import,2023-01-12,import,2023-01-12
101623,41708203809000,Арашанский айылный аймак,,11,true,1,03596182-8a05-4835-8a13-d62b32edfbd7,import,2023-01-12,import,2023-01-12
101624,41708203814000,Васильевский айылный аймак,,11,true,1,76cc06e2-e815-47b0-a540-f01f5d76a96f,import,2023-01-12,import,2023-01-12
101625,41708203819000,Грозденский айылный аймак,,11,true,1,019bf4d7-d9af-4594-a5ae-4269a76171a5,import,2023-01-12,import,2023-01-12
101626,41708203831000,Лебединовский айылный аймак,,11,true,1,1ef3b895-7b9c-42f2-b349-b6f7a2b8c60e,import,2023-01-12,import,2023-01-12
101627,41708203834000,Ленинский айылный аймак,,11,true,1,3c740eef-c1a4-4db4-be7c-7756fb0f529a,import,2023-01-12,import,2023-01-12
101628,41708203838000,Маевский айылный аймак,,11,true,1,7971769b-6ac1-4b5d-a846-3b313b93caa1,import,2023-01-12,import,2023-01-12
101629,41708203845000,Нижнеаларчинский айылный аймак,,11,true,1,6b27e71a-31f1-4ebe-8146-fb76e6ce2d8d,import,2023-01-12,import,2023-01-12
101630,41708203852000,Октябрский айылный аймак,,11,true,1,bac1c3ac-5690-4f05-8972-ae22f2437e98,import,2023-01-12,import,2023-01-12
101631,41708203855000,Айылный аймак Байтик,,11,true,1,e16e6ec2-6fa9-4d54-a7d7-e6be2e966385,import,2023-01-12,import,2023-01-12
101632,41708203864000,Таш-Дебенский айылный аймак,,11,true,1,0848eaa8-274a-4174-a183-18e525bb1ac9,import,2023-01-12,import,2023-01-12
101633,41708203866000,Таш-Мойнокский айылный аймак,,11,true,1,12e9f785-6e2f-40d3-a241-e92e4fe90c34,import,2023-01-12,import,2023-01-12
101634,41708206803000,Ак-Кудукский айылный аймак,,12,true,1,fb177662-5c30-4bc3-a9c1-a4afe5211e60,import,2023-01-12,import,2023-01-12
101635,41708206810000,Бирдикский айылный аймак,,12,true,1,5077e838-ee0c-482f-94a0-8533d68d5237,import,2023-01-12,import,2023-01-12
101636,41708206812000,Ивановский айылный аймак,,12,true,1,8962bdb5-956b-4391-b8f4-2ae0f4933769,import,2023-01-12,import,2023-01-12
101637,41708206816000,Нурманбетский айылный аймак,,12,true,1,3f31c243-d376-4ba8-a7dd-e7148bbf3255,import,2023-01-12,import,2023-01-12
101638,41708206818000,Джээкский айылный аймак,,12,true,1,cb03af0b-0619-4539-b332-a2dccfe88b63,import,2023-01-12,import,2023-01-12
101639,41708206820000,Кен-Булунский айылный аймак,,12,true,1,40f44e04-69db-40cc-bef5-139dcd535cb1,import,2023-01-12,import,2023-01-12
101640,41708206822000,Иссык-Атинский айылный аймак,,12,true,1,6004e4b8-a79d-47f9-b89e-b33f8c9ed519,import,2023-01-12,import,2023-01-12
101641,41708206823000,Краснореченский айылный аймак,,12,true,1,002263e7-32a7-4a8d-b2a9-fb138079ae32,import,2023-01-12,import,2023-01-12
101642,41708206836000,Логвиненковский айылный аймак,,12,true,1,e12f501e-b577-412c-bcf3-3dd286e6e40b,import,2023-01-12,import,2023-01-12
101643,41708206839000,Люксембургский айылный аймак,,12,true,1,a94361d1-89c7-464b-a2bd-c73d9805c526,import,2023-01-12,import,2023-01-12
101644,41708206842000,Милянфанский айылный аймак,,12,true,1,6c5d808f-a93b-4c76-b662-83762dd38392,import,2023-01-12,import,2023-01-12
101645,41708206846000,Сын-Ташский айылный аймак,,12,true,1,d3737d97-eaf7-4880-8626-58f05cb52b99,import,2023-01-12,import,2023-01-12
101646,41708206848000,Новопокровский айылный аймак,,12,true,1,4a8954c8-b538-4934-9565-f9a5d485930e,import,2023-01-12,import,2023-01-12
101647,41708206852000,Юрьевский айылный аймак,,12,true,1,4224cd41-33cd-4a4b-9c06-cd6f24d4339d,import,2023-01-12,import,2023-01-12
101648,41708206870000,Тузский айылный аймак,,12,true,1,e4c66640-76ed-4d31-bd57-c273b47b91b1,import,2023-01-12,import,2023-01-12
101649,41708209811000,Жайылский айылный аймак,,15,true,1,18410b31-5e4a-4269-8314-5d8caa62026e,import,2023-01-12,import,2023-01-12
101650,41708209812000,Кара-Сууский айылный аймак,,15,true,1,13c080b5-a0bc-4f8b-ab9f-36828e91b121,import,2023-01-12,import,2023-01-12
101651,41708209829000,Полтавский айылный аймак,,15,true,1,39a3f295-e833-4cbe-9056-9bb59b70a376,import,2023-01-12,import,2023-01-12
101652,41708209840000,Сары-Булакский айылный аймак,,15,true,1,fc200ae4-69f2-4ed2-893a-7e519cfe2420,import,2023-01-12,import,2023-01-12
101653,41708209844000, Сосновский айылный аймак,,15,true,1,c390feda-dc05-464d-b1c6-e131a72845cb,import,2023-01-12,import,2023-01-12
101654,41708209848000,Степнинский айылный аймак,,15,true,1,0626d0dc-9332-4e7e-8171-855400a5b639,import,2023-01-12,import,2023-01-12
101655,41708209857000,Талды-Булакский айылный аймак,,15,true,1,a65e60dc-f8d3-4543-a875-77a1ba568b8e,import,2023-01-12,import,2023-01-12
101656,41708213804000,Алмалинский айылный аймак,,13,true,1,b5a0f1eb-80b5-46e3-93ee-8d26bac6085e,import,2023-01-12,import,2023-01-12
101657,41708213808000,Боролдойский айылный аймак,,13,true,1,cfeb86ec-61dc-44c0-b8fd-292b15a0a08e,import,2023-01-12,import,2023-01-12
101658,41708213813000,Джаны-Алышский айылный аймак,,13,true,1,ba6edcf5-eee5-4a57-87bc-8a3f011d03f2,import,2023-01-12,import,2023-01-12
101659,41708213817000,Ильичевский айылный аймак,,13,true,1,30ddf450-9b11-47e8-926e-fac1c221cf4d,import,2023-01-12,import,2023-01-12
101660,41708213820000,Кара-Булакский айылный аймак,,13,true,1,a1d7af50-0b15-403e-b425-2e35de0602e6,import,2023-01-12,import,2023-01-12
101661,41708213823000,Кек-Ойрокский айылный аймак,,13,true,1,4ad82183-4af8-4ddf-9bb7-5ee7f0ac56a3,import,2023-01-12,import,2023-01-12
101662,41708213826000,А. Дуйшеевский айылный аймак,,13,true,1,d96d7c0a-e858-4124-9936-231f7bafa579,import,2023-01-12,import,2023-01-12
101663,41708213830000,Кызыл-Октябрский айылный аймак,,13,true,1,4611660c-41da-4700-a7f5-9a3fde38fc4f,import,2023-01-12,import,2023-01-12
101664,41708213839000,Чым-Коргонский айылный аймак,,13,true,1,5eedd05a-5f1a-412f-9a9c-33515eed557e,import,2023-01-12,import,2023-01-12
101665,41708213842000,Чон-Кеминский айылный аймак,,13,true,1,0b6124fd-9309-4572-be99-2ea971edd02d,import,2023-01-12,import,2023-01-12
101666,41708217804000,Ак-Сууский айылный аймак,,16,true,1,ba1faf41-ec90-434c-8497-6024d9aa9ce9,import,2023-01-12,import,2023-01-12
101667,41708217809000,Александровский айылный аймак,,16,true,1,009449f4-6b72-4231-b0bd-d1d53d515e40,import,2023-01-12,import,2023-01-12
101668,41708217811000,Беш-Терекский айылный аймак,,16,true,1,32ea527f-d780-40c9-90d0-45b6c006c3fd,import,2023-01-12,import,2023-01-12
101669,41708217813000,Беловодский айылный аймак,,16,true,1,430f1b83-778e-424a-bcce-6991bf903285,import,2023-01-12,import,2023-01-12
101670,41708217824000,Петровский айылный аймак,,16,true,1,9c1dc086-0668-454e-add5-023e30b92d27,import,2023-01-12,import,2023-01-12
101671,41708217828000,Первомайский айылный аймак,,16,true,1,03b9118d-c4be-48f3-bb62-509d2ef5e7af,import,2023-01-12,import,2023-01-12
101672,41708217832000,Предтеченский айылный аймак,,16,true,1,3a439dee-326a-48b3-9205-5c7b0e6c5239,import,2023-01-12,import,2023-01-12
101673,41708217837000,Садовский айылный аймак,,16,true,1,1471cafc-acc8-4e76-8e1e-5a4fb74e3e93,import,2023-01-12,import,2023-01-12
101674,41708217842000,Телекский айылный аймак,,16,true,1,f00b4855-9e4e-4b6f-8be6-74d0844bc5d7,import,2023-01-12,import,2023-01-12
101675,41708217849000,Чапаевский айылный аймак,,16,true,1,61366a9e-a65a-4794-8767-9c06b44df06e,import,2023-01-12,import,2023-01-12
101676,41708219811000,Вознесеновский айылный аймак,,17,true,1,e1c32dbd-318e-4511-99c7-b2afea7f3536,import,2023-01-12,import,2023-01-12
101677,41708219820000,Кюрпюльдекский айылный аймак,,17,true,1,ae15894b-36e9-45b2-bef9-ffe2320191a1,import,2023-01-12,import,2023-01-12
101678,41708219830000,Ортоевский айылный аймак,,17,true,1,fdd2f86e-6784-435c-8ac9-7ec58a020988,import,2023-01-12,import,2023-01-12
101679,41708219849000,Фрунзенский айылный аймак,,17,true,1,70f17f49-68b5-4e10-8cf1-17a97fa9ac36,import,2023-01-12,import,2023-01-12
101680,41708219855000,Чалдыбарский айылный аймак,,17,true,1,30262b56-4742-4d77-b3ea-20f80f5477c0,import,2023-01-12,import,2023-01-12
101681,41708222805000,Ат-Башынский айылный аймак,,14,true,1,7b96d7a0-4021-4adf-ae88-86027cf3051c,import,2023-01-12,import,2023-01-12
101682,41708222809000,Тош-Булакский айылный аймак,,14,true,1,e4ab123b-ae11-4f58-951c-44d959d90370,import,2023-01-12,import,2023-01-12
101683,41708222813000,Военно-Антоновский айылный аймак,,14,true,1,fe7331fb-43dc-4af1-bb50-913b3dd5747a,import,2023-01-12,import,2023-01-12
101684,41708222817000,Гавриловский айылный аймак,,14,true,1,b4189f9f-9385-4834-8c92-868eab20110a,import,2023-01-12,import,2023-01-12
101685,41708222826000,Джаны-Пахтинский айылный аймак,,14,true,1,440da53a-ed7c-40a3-8ae4-1e4fbb4dd327,import,2023-01-12,import,2023-01-12
101686,41708222822000, Джаны-Джерский айылный аймак,,14,true,1,754459c2-3dd8-4085-a9b1-94cd3c6b0dc0,import,2023-01-12,import,2023-01-12
101687,41708222828000,Камышановский айылный аймак,,14,true,1,1c45297c-1a77-43d5-8cf9-f212e2a462f5,import,2023-01-12,import,2023-01-12
101688,41708222829000,Асылбашский айылный аймак,,14,true,1,aa9eb537-1d65-46ce-a2b9-8e6f5b2c66de,import,2023-01-12,import,2023-01-12
101689,41708222832000,Кунтууский айылный аймак,,14,true,1,28a92481-450c-4d17-8a8f-01ca92ae8d15,import,2023-01-12,import,2023-01-12
101690,41708222838000,Кызыл-Тууский айылный аймак,,14,true,1,ae06d121-a3f8-4e69-80af-a8446223abc2,import,2023-01-12,import,2023-01-12
101691,41708222849000,Новопавловский айылный аймак,,14,true,1,fbbcc584-3cf9-4eb2-ab2a-bcb8149d3d41,import,2023-01-12,import,2023-01-12
101692,41708222852000,Сазский айылный аймак,,14,true,1,092aa8ca-d23b-4ec7-bbe0-0966b0b33623,import,2023-01-12,import,2023-01-12
101693,41708222856000,Орокский айылный аймак,,14,true,1,ca797fa6-f2dd-4778-a194-96cf0315f53f,import,2023-01-12,import,2023-01-12
101694,41708222860000,Первомайский айылный аймак,,14,true,1,92cf731e-6eb6-45a1-8e9c-b359a7e7171b,import,2023-01-12,import,2023-01-12
101695,41708222865000, Сокулукский айылный аймак,,14,true,1,db7150a8-3bb3-421f-b5a0-802ec7dcb88e,import,2023-01-12,import,2023-01-12
101696,41708222869000,Фрунзенский айылный аймак,,14,true,1,680cca0f-92e0-4152-b089-4bf5bedc4b1a,import,2023-01-12,import,2023-01-12
101697,41708222872000,Айылный аймак им.Кайназаровой ,,14,true,1,ab5e9ab0-9232-4ed3-af2f-82adb2728f99,import,2023-01-12,import,2023-01-12
101698,41708223809000,Буранинский айылный аймак,,18,true,1,21211f21-a27a-4639-9b23-bf7cc7b7c313,import,2023-01-12,import,2023-01-12
101699,41708223812000,Искринский айылный аймак,,18,true,1,aaddd35e-19f7-4c1b-b158-5957b86230f2,import,2023-01-12,import,2023-01-12
101700,41708223815000,Ибраимовский айылный аймак,,18,true,1,8816f633-75d4-4542-9f29-ae4c691b13b1,import,2023-01-12,import,2023-01-12
101701,41708223820000,Кегетинский айылный аймак,,18,true,1,a76af784-1b1c-4455-b7f2-f2efac2385bf,import,2023-01-12,import,2023-01-12
101702,41708223825000,Кош-Коргонский айылный аймак,,18,true,1,eb1be5c2-6bc6-4c83-8416-ce1265251398,import,2023-01-12,import,2023-01-12
101703,41708223840000,Онбир-Джылгинский айылный аймак,,18,true,1,58ac665a-e1d9-4512-af4c-2c9dd28c52f4,import,2023-01-12,import,2023-01-12
101704,41708223845000,Сайлыкский айылный аймак,,18,true,1,4eac68bd-9dca-4ca0-905e-97b8bdca5fe9,import,2023-01-12,import,2023-01-12
101705,41708223863000,Чуйский айылный аймак,,18,true,1,bd829660-3a22-4e53-a6ba-d674cbae4b59,import,2023-01-12,import,2023-01-12
101706,41708223868000,Шамшинский айылный аймак,,18,true,1,c2564501-9911-4d1d-a37a-18559a9bb220,import,2023-01-12,import,2023-01-12
101707,41708223804000,Ак-Бешимский айылный аймак,,18,true,1,82864fd2-fd04-425f-b52d-99428a2ca0e2,import,2023-01-12,import,2023-01-12
101708,41708222846000,Нижнечуйский айылный аймак,,14,true,1,4e5f2456-e509-4a7d-b3be-bd1ea60231b9,import,2023-01-12,import,2023-01-12
101709,41708209830000,Суусамырский айылный аймак,,15,true,1,1e71c32d-c020-4a26-8fbf-cc337281e990,import,2023-01-12,import,2023-01-12
101710,41708203826000,Кара-Джыгачский айылный аймак,,11,true,1,01b4e937-7a8c-48c0-ab06-3939ca1ebd9d,import,2023-01-12,import,2023-01-12
101711,41708203828000,Кек-Джарский айылный аймак,,11,true,1,6618dfc1-4441-44ee-aefc-fc84a281039e,import,2023-01-12,import,2023-01-12
101712,41708217840000,Сретенский айылный аймак,,16,true,1,cc317d6f-5a11-484a-ba33-ad04f3a7de03,import,2023-01-12,import,2023-01-12
101713,41707215840000,Чолпонбайский айылный аймак,,34,true,1,c5e6fcfe-6cd1-4969-9f9b-47f2cbd0a53d,import,2023-01-12,import,2023-01-12
101714,41702205855000,Жыргаланский айылный аймак,,20,true,1,7573b40a-77e3-4f4a-980b-e3a4b77d4440,import,2023-01-12,import,2023-01-12
101715,41702220828000,Каджи-Сайский айылный аймак,,23,true,1,f37fb634-5a43-4b52-93fe-e58b7cf72c6f,import,2023-01-12,import,2023-01-12
101716,41702225896000,Ак-Булакский айылный аймак,,24,true,1,d56e8111-8a23-4f86-979e-f842434d759f,import,2023-01-12,import,2023-01-12
101717,41702420510010,пгт. Орто-Токой,,25,true,1,135bd234-540f-485c-9fb6-84906e3a580a,import,2023-01-12,import,2023-01-12
101718,41703225600010,г.Токтогул,,51,true,1,24c2e856-c1b7-4edc-94fa-3ff0eb91d3f9,import,2023-01-12,import,2023-01-12
101719,41703230844000,Сумсарский  айылный аймак,,56,true,1,5fd88677-614e-4154-be4a-c6ffb6947317,import,2023-01-12,import,2023-01-12
101720,41703230847000,Терек-Сайский  айылный аймак,,56,true,1,cd0b58be-bd81-4b0f-b56b-ba583b603a82,import,2023-01-12,import,2023-01-12
101721,41704230840000,Мин-Кушский айылный аймак,,31,true,1,a4d4124e-3a38-48c2-94cb-50ea54ef29c5,import,2023-01-12,import,2023-01-12
101722,41704245863000,Достукский айылный аймак,,28,true,1,254eb0a2-ef55-4908-be22-982092d64174,import,2023-01-12,import,2023-01-12
101723,41705258867000,Чаувайский айылный аймак,,64,true,1,ecd645cf-9a6f-471d-9a02-a04d3da55626,import,2023-01-12,import,2023-01-12
101724,41705258864000,Советский айылный аймак,,64,true,1,3f355db7-0726-4e1a-b92c-cb29fd8d192f,import,2023-01-12,import,2023-01-12
101725,41706207844000,Сары-Ташский айылный аймак,,42,true,1,4384162f-29d8-480d-abda-f5c723f6ffcf,import,2023-01-12,import,2023-01-12
101726,41707215846000,Маймакский айылный аймак,,34,true,1,ac23d5ac-6a7f-4161-a3d4-84ff8b282dca,import,2023-01-12,import,2023-01-12
101727,41708213845000,Ак-Тюзский айылный аймак,,13,true,1,9707c072-5aeb-48f0-be62-3d43b1b01864,import,2023-01-12,import,2023-01-12
101728,41702215600010,г.Чолпон-Ата,,22,true,1,f6019c44-951b-4add-b5f6-03b7758615e2,import,2023-01-12,import,2023-01-12
101729,41703211610010,г.Кербен,,54,true,1,31422146-191e-4cb7-b63b-e47fb2762a45,import,2023-01-12,import,2023-01-12
101730,41703215600010,г.Кочкор-Ата,,53,true,1,170f5cd9-c371-4f71-af4b-8f3e34585c44,import,2023-01-12,import,2023-01-12
101731,41705410000010,г.Баткен,,63,true,1,6ac80ccd-1738-4783-b14d-b7f754c28ba5,import,2023-01-12,import,2023-01-12
101732,41705236610010,г.Исфана,,62,true,1,ddfc06bc-91bf-4091-992a-55d61f8583db,import,2023-01-12,import,2023-01-12
101733,41706226600010,г.Кара-Суу,,41,true,1,e6904341-cf0d-4ea7-8163-08c6a99c3b79,import,2023-01-12,import,2023-01-12
101734,41706242600010,г.Ноокат,,45,true,1,c0f55b4a-1d01-4dfd-bbdd-9dcad502b14e,import,2023-01-12,import,2023-01-12
101735,41706255600010,г.Узген,,40,true,1,02a97093-55b8-4186-975c-b715c898f2ea,import,2023-01-12,import,2023-01-12
101736,41707400000010,г.Талас,,37,true,1,6d62e4e0-97ef-4119-93a1-53785241cdc6,import,2023-01-12,import,2023-01-12
101737,41708206600010,г.Кант,,12,true,1,9c4b11b6-a759-4204-8c7c-558857e001ef,import,2023-01-12,import,2023-01-12
101738,41708209600010,г.Кара-Балта,,15,true,1,4d923be4-fb20-43ab-87ab-4f84bfe788d6,import,2023-01-12,import,2023-01-12
101739,41708222600010,г.Шопоков,,14,true,1,3a69c4ce-5173-436b-aa49-51f43377239f,import,2023-01-12,import,2023-01-12
101740,41703220400010,г.Кок-Жангак,,58,true,1,db44084d-f5ac-4030-99c0-5e4a0c1f68e0,import,2023-01-12,import,2023-01-12
101741,41708400000010,г.Токмок,,18,true,1,22341333-22bf-4478-a5ce-6cc28f276e22,import,2023-01-12,import,2023-01-12
101742,41704400000010,г.Нарын,,28,true,1,2d74e74f-3e03-462f-88be-06d10449c5c4,import,2023-01-12,import,2023-01-12
101744,41721000000000,г.Ош,,39,true,1,188aca67-7863-4e3c-aa5c-b6b06c628d84,import,2023-01-12,import,2023-01-12
101745,41705430000010,г.Кызыл-Кия,,65,true,1,37346f27-95c6-42ac-bbb3-bf15f7982d57,import,2023-01-12,import,2023-01-12
101746,41705420000010,г.Сулюкта,,66,true,1,8f9ae0a0-a53b-455d-a38b-e10b96ac5198,import,2023-01-12,import,2023-01-12
101747,41703410000010,г.Джалал-Абад,,48,true,1,eefcf8ee-9ff9-45c9-8f70-7f6ac21611e4,import,2023-01-12,import,2023-01-12
101748,41703430000010,г.Майлуу-Суу,,60,true,1,dc3e8e0c-33c7-4695-82e2-3b23c83946e0,import,2023-01-12,import,2023-01-12
101749,41703420000010,г.Таш-Кумыр,,59,true,1,a7ae0d69-d783-445b-94e0-26ab83920f29,import,2023-01-12,import,2023-01-12
101750,41703440000010,г.Кара-Куль,,57,true,1,a19bfe4c-91dc-4aad-a741-89853629531b,import,2023-01-12,import,2023-01-12
101751,41702410000010,г.Каракол,,26,true,1,a14c684c-60b9-4f9a-b5f1-99d8b68734f1,import,2023-01-12,import,2023-01-12
101752,41702420000010,г.Балыкчы,,25,true,1,4acd06de-3fa3-4564-9832-2acb4f1bf8ab,import,2023-01-12,import,2023-01-12
101753,41705258600010,г.Айдаркен,,64,true,1,2a86c7df-79a5-4597-9ae2-4f8c1286ea19,import,2023-01-12,import,2023-01-12
101754,41705258610020,г.Кадамжай,,64,true,1,85feccc3-86a3-498b-ac04-82ea1e2c490d,import,2023-01-12,import,2023-01-12
101755,41708213600020,г.Кемин,,13,true,1,8ae9adc9-c956-4a8b-9fac-48289d4f537c,import,2023-01-12,import,2023-01-12
101756,41708213600010,г.Орловка,,13,true,1,2c674b6d-c0b4-4eff-953b-b943d87addf8,import,2023-01-12,import,2023-01-12
101757,41708219600010,г.Каинды,,17,true,1,7ebbe3b0-ac42-4fd2-b4f6-b95aef29f0e7,import,2023-01-12,import,2023-01-12
101758,41708219836000,Айылный аймак Курама,,17,true,1,45659df0-022d-4334-94b1-778b461e34b8,import,2023-01-12,import,2023-01-12
156860,41700000000003,Бюджет ФОМС,,5,true,1,45782e2e-3098-4aa8-96b6-1706e22d2671,import,2023-01-12,import,2023-01-12
926553,41700000000002,Бюджет Социального фонда   ,Бюджет Соцаильного фонда,5,true,1,d34781fa-42a7-41a5-a0c2-f863ec1bde7a,import,2023-01-12,import,2023-01-12
1396652,41703207600010,г.Базар-Коргон (Бюджет города районного назначения),,50,true,1,5be8dbca-5d97-4e22-9aa7-88fa74c8b3f9,import,2023-01-12,import,2023-01-12
