id,code,name,short_name,parent,active,version,uuid,created_by,created_date,last_modified_by,last_modified_date
241058,7,,,,true,1,2d7e2969-01e4-4194-af0e-20767278cf60,import,2023-01-12,import,2023-01-12
96473,701,Государственные службы общего назначения,,241058,true,1,e2fe1b01-55e2-4c5b-86ba-05525da452cd,import,2023-01-12,import,2023-01-12
96474,7011,"Исполнительные и законодательные органы, бюджетно-финансовые вопросы, международные отношения.",,96473,true,1,8b3915be-dbdc-457d-b6de-8339e72d55d8,import,2023-01-12,import,2023-01-12
96475,70111,Исполнительные и законодательные органы,,96474,true,1,b08c0bf8-dc6d-48e3-996a-0132edae1550,import,2023-01-12,import,2023-01-12
96476,70112,Бюджетно-финансовые вопросы,,96474,true,1,f50db4cf-35c4-4bf8-86d1-24b077fd9f93,import,2023-01-12,import,2023-01-12
96477,70113,Международные отношения,,96474,true,1,e9e7f43a-4f55-4387-b74c-ce6a3e67210b,import,2023-01-12,import,2023-01-12
96478,7012,Иностранная экономическая помощь,,96473,true,1,e302b2da-0170-49b8-bec9-d89f2c45abed,import,2023-01-12,import,2023-01-12
96479,70121,Иностранная экономическая помощь,,96478,true,1,6a23aaca-39c6-45e3-8935-fecbc02fe041,import,2023-01-12,import,2023-01-12
96480,7013,Общие службы,,96473,true,1,8031f041-3f19-461e-89ed-e405c56a2705,import,2023-01-12,import,2023-01-12
96481,70131,Общие вопросы кадрового обслуживания,,96480,true,1,9946f16a-581b-4322-9493-18379a9ca567,import,2023-01-12,import,2023-01-12
96482,70132,Службы планирования и статистические службы общего назначения,,96480,true,1,a957e97c-287c-4a96-a045-4cadcd8727a5,import,2023-01-12,import,2023-01-12
96483,70133,Прочие общие службы,,96480,true,1,ed7330ed-5c19-44a0-a283-b8379f0015a1,import,2023-01-12,import,2023-01-12
96484,70134,Службы по переписи населения,,96480,true,1,da655bab-67b4-41e7-98de-d6d5e0ac9076,import,2023-01-12,import,2023-01-12
96485,7014,Фундаментальные исследования,,96473,true,1,cc442c49-2474-4d09-bdda-f7515c0e7ffc,import,2023-01-12,import,2023-01-12
96486,70141,Фундаментальные исследования,,96485,true,1,6a89114f-2115-44ba-8fd6-2746241688ba,import,2023-01-12,import,2023-01-12
96487,7015,"Научные исследования и опытно-конструкторские разработки, связанные с государственными службами общего назначения",,96473,true,1,691fe741-0041-45ca-9437-5897d86d5c0e,import,2023-01-12,import,2023-01-12
96488,70151,"Научные исследования и опытно-конструкторские разработки, связанные с государственными службами общего назначения",,96487,true,1,1f626035-0aec-4947-a049-3829cc01d0f3,import,2023-01-12,import,2023-01-12
96489,7016,"Государственные службы общего назначения, не отнесенные к другим категориям",,96473,true,1,50ed4b3a-5fef-486e-86c4-5299e54d6349,import,2023-01-12,import,2023-01-12
96490,70161,Выборы и проведение референдумов ,,96489,true,1,4759f5e5-91fc-4583-a02c-ae475a426f9f,import,2023-01-12,import,2023-01-12
96491,70162,Драгоценные металлы ,,96489,true,1,499efcc0-c19e-4ace-93bd-834fc06f2ea7,import,2023-01-12,import,2023-01-12
96492,70163,Прочие учреждения общего назначения,,96489,true,1,175c4261-0800-4e9c-8f0f-058319c4c420,import,2023-01-12,import,2023-01-12
96493,70169,"Другие услуги государственной службы общего назначения, не отнесенные к другим категориям",,96489,true,1,5aeae2e0-5d78-485c-87b8-7a2ebceb2f77,import,2023-01-12,import,2023-01-12
96494,7017,"Операции, связанные с государственным долгом и ценными бумагами",,96473,true,1,e3986ef7-7075-46d0-910f-801afd6bec8c,import,2023-01-12,import,2023-01-12
96495,70171,"Операции, связанные с погашением государственного долга и ценных бумаг",,96494,true,1,ea0fd121-e9ac-49ae-8850-71c95e6fe59b,import,2023-01-12,import,2023-01-12
96496,70172,Основные суммы государственного долга и ценных бумаг,,96494,true,1,1297c99b-e22b-41c2-af18-b0ee0b9a5353,import,2023-01-12,import,2023-01-12
96497,7018,Трансферты и ссуды местным бюджетам,,96473,true,1,d6dcc78a-4865-4e32-a811-de17e676f4b4,import,2023-01-12,import,2023-01-12
96498,70181,Выравнивающие трансферты,,96497,true,1,134817ff-b385-48a0-9124-de37477a7fd5,import,2023-01-12,import,2023-01-12
96499,70182,Целевые трансферты,,96497,true,1,39882e50-cf16-4d9b-832a-356854e29e16,import,2023-01-12,import,2023-01-12
96500,70183,Ссуды местным бюджетам,,96497,true,1,1d171cd7-addc-4f37-b60d-74632aee061b,import,2023-01-12,import,2023-01-12
96501,70184,Трансферты Фонду обязательного медицинского страхования,,96497,true,1,6e3bb0dd-a8b6-45d1-a6ac-264a58d9bd5a,import,2023-01-12,import,2023-01-12
96502,70185,Трансферты Социальному фонду,,96497,true,1,8ea0a839-d594-47ec-963f-e2439760c85c,import,2023-01-12,import,2023-01-12
96503,702,Оборона,,241058,true,1,0a6cfbfd-7f10-4519-96ce-437ea639f396,import,2023-01-12,import,2023-01-12
96504,7021,Вооруженные силы,,96503,true,1,0ba48524-d4ff-4a61-98ad-0cfd10adb4a6,import,2023-01-12,import,2023-01-12
96505,70211,"Воинские соединения, части и учреждения",,96504,true,1,71f468f1-4d25-401b-9ccc-7d443d136b92,import,2023-01-12,import,2023-01-12
96506,70213,Пограничная служба ,,96504,true,1,4b9add2b-6bd9-4a17-acb7-cbec381fd5c8,import,2023-01-12,import,2023-01-12
96507,70215,Другие оборонные формирования,,96504,true,1,e4ac5ec6-3c6a-4874-ad62-36cb336296ac,import,2023-01-12,import,2023-01-12
96508,7022,Мероприятия по гражданской защите и чрезвычайным ситуациям,,96503,true,1,8488fd1d-8b80-4e39-9e2e-4a5cfd753315,import,2023-01-12,import,2023-01-12
96509,70221,Гражданская защита,,96508,true,1,d69d02a2-f75b-47aa-ac76-3058ca86d5e1,import,2023-01-12,import,2023-01-12
96510,70222,Чрезвычайные ситуации,,96508,true,1,b380a787-018e-4e2c-a1fb-1b134706f42f,import,2023-01-12,import,2023-01-12
96511,70223,Прочие мероприятия по гражданской защите и чрезвычайным ситуациям,,96508,true,1,770ba8dd-b52f-44c1-b6ff-37b6091ba532,import,2023-01-12,import,2023-01-12
96512,7023,Иностранная военная помощь,,96503,true,1,6901c294-43dc-413c-a4d5-ed750e3a9b96,import,2023-01-12,import,2023-01-12
96513,70231,Иностранная военная помощь,,96512,true,1,ab6dffad-339d-4d04-a4e9-efad5a02c145,import,2023-01-12,import,2023-01-12
96514,7024,Научные исследования и опытно-конструкторские разработки в области обороны,,96503,true,1,01af7e86-78f0-4f73-862c-9f1e7b8a6dc6,import,2023-01-12,import,2023-01-12
96515,70241,Научные исследования и опытно-конструкторские разработки в области обороны,,96514,true,1,98302eec-e38a-4a9b-abca-62ec4ce0b443,import,2023-01-12,import,2023-01-12
96516,7025,"Вопросы обороны, не отнесенные к другим категориям",,96503,true,1,4aa32b5e-c83d-4aa1-bb32-3ffb5ee03271,import,2023-01-12,import,2023-01-12
96517,70253,"Прочие услуги в области обороны, не отнесенные к другим категориям",,96516,true,1,30003e91-214d-4a48-b77e-2718a0b194c9,import,2023-01-12,import,2023-01-12
96518,70259,Другие услуги в области обороны,,96516,true,1,e7336dd7-16e5-4196-9f10-6f4cd3c91b19,import,2023-01-12,import,2023-01-12
96519,703,Общественный порядок и безопасность,,241058,true,1,b9a2b4ad-499d-41cb-b71d-da379fdabb07,import,2023-01-12,import,2023-01-12
96520,7031,Правоохранительные органы,,96519,true,1,1ffdd259-4026-4787-8989-38248e74a205,import,2023-01-12,import,2023-01-12
96521,70311,Органы внутренних дел,,96520,true,1,06268d18-8248-409a-916b-c42c93b9916f,import,2023-01-12,import,2023-01-12
96522,70313,Органы национальной безопасности ,,96520,true,1,bb24eba2-4067-4c5f-9fb4-645ffa461ab9,import,2023-01-12,import,2023-01-12
96523,70314,Таможенные органы          ,,96520,true,1,a928c481-bf0f-449f-a0fd-48ac37834c0a,import,2023-01-12,import,2023-01-12
96524,70316,Службы финансовой полиции ,,96520,true,1,c2efd29a-e410-43ee-8ba8-149df9097017,import,2023-01-12,import,2023-01-12
96525,70317,Органы государственной охраны ,,96520,true,1,e285f219-1334-425f-8701-09c4572fad4d,import,2023-01-12,import,2023-01-12
96526,70319,Прочие услуги правоохранительных органов,,96520,true,1,cb8dfacc-342d-4415-9d6e-0f209ced5adb,import,2023-01-12,import,2023-01-12
96527,7032,Пожарная охрана,,96519,true,1,c2f265a9-93b6-4046-8d3a-640f4a0c99cc,import,2023-01-12,import,2023-01-12
96528,70321,Пожарная охрана,,96527,true,1,f11f76e0-621a-4a09-b736-31c312748223,import,2023-01-12,import,2023-01-12
96529,7033,Суды,,96519,true,1,9cab1909-fe81-47b9-bb93-d0d841511172,import,2023-01-12,import,2023-01-12
96530,70331,Конституционный суд,,96529,true,1,97a353d0-89a2-45b2-b3aa-a2ccf300a25a,import,2023-01-12,import,2023-01-12
96531,70332,Верховный суд,,96529,true,1,42fdd462-afbd-4924-8881-bcee212def0c,import,2023-01-12,import,2023-01-12
96532,70333,Судебные органы ,,96529,true,1,558c840d-86ce-49fe-9797-25ab66abdbaf,import,2023-01-12,import,2023-01-12
764522,70334,Мероприятия по представлению интересов в судах,,96529,true,1,ca79c383-1007-47b6-9df8-f311b2f4e2d3,import,2023-01-12,import,2023-01-12
591959,70336,"Мероприятия по обеспечению исполнения уголовных наказаний, не связанных с изоляцией",,96529,true,1,d86c8cde-651c-4b36-9be1-bd03deab6f09,import,2023-01-12,import,2023-01-12
96533,70337,Омбудсмен,,96529,true,1,2d30a349-f582-4ea1-9487-b788c8362d46,import,2023-01-12,import,2023-01-12
96534,70338,Прокуратура ,,96529,true,1,a4d5b987-ba0e-4bda-b566-fbc63934f46e,import,2023-01-12,import,2023-01-12
96535,70339,Прочие услуги судебных органов,,96529,true,1,9270bc19-42ce-4369-9f53-4757693d3e34,import,2023-01-12,import,2023-01-12
96536,7034,Тюрьмы,,96519,true,1,d504f11a-71d4-4dc9-8674-3aeb888406f3,import,2023-01-12,import,2023-01-12
96537,70341,Тюрьмы,,96536,true,1,8c43389c-ede2-488f-86db-81aaa1df336f,import,2023-01-12,import,2023-01-12
96538,7036,"Вопросы общественного порядка и безопасности, не отнесенные к другим категориям",,96519,true,1,bb7c6354-e10c-4e22-9f6b-423a5a21fb59,import,2023-01-12,import,2023-01-12
96539,70364,Исполнение решений суда ,,96538,true,1,7120fe2c-fc81-46d4-9ab3-f4fefd0b0876,import,2023-01-12,import,2023-01-12
96540,70365,Мероприятия по предупреждению жестокого обращения,,96538,true,1,df4305b6-8d51-4d56-941d-2073e85ad4bf,import,2023-01-12,import,2023-01-12
96541,70369,Другие услуги учреждений общественного порядка и безопасности,,96538,true,1,94502980-9342-446b-b5f5-e0c9f02ad93c,import,2023-01-12,import,2023-01-12
96542,704,Экономические вопросы,,241058,true,1,4c7ac989-024f-4cd2-95b7-b28e4752d128,import,2023-01-12,import,2023-01-12
96543,7041,Общие экономические вопросы и делимитация границ,,96542,true,1,6e7ec64e-8419-4b9b-b392-a505a8062506,import,2023-01-12,import,2023-01-12
96544,70411,Общие экономические вопросы,,96543,true,1,9e8ec0ed-6a0d-47fd-8a27-ed21c221e075,import,2023-01-12,import,2023-01-12
96545,70412,Делимитация границ,,96543,true,1,38ba25d2-2c6a-4eb8-831b-b14dcc08c203,import,2023-01-12,import,2023-01-12
96546,70413,Мероприятия в рамках Всемирной торговой организации,,96543,true,1,3d4bed40-9bbf-432b-98c0-97adfbb235fe,import,2023-01-12,import,2023-01-12
96547,7042,"Сельское хозяйство, лесное хозяйство, рыболовство и охота",,96542,true,1,d04bb8f7-a8dc-4bcf-b603-ff5c76588004,import,2023-01-12,import,2023-01-12
96548,70421,Сельское хозяйство,,96547,true,1,7439590e-2b84-4031-8a64-f4618a99737c,import,2023-01-12,import,2023-01-12
96549,70422,Лесное хозяйство,,96547,true,1,cabda400-d3e8-45f0-85ef-c83ed76c3d7b,import,2023-01-12,import,2023-01-12
96550,70423,Рыболовство и охота,,96547,true,1,56f144af-681c-41ce-8f6c-716ee9e905d0,import,2023-01-12,import,2023-01-12
96551,70424,Водное хозяйство и мелиорация,,96547,true,1,f6d37246-c9ad-4c3b-bdf1-b0b5f1be9d0c,import,2023-01-12,import,2023-01-12
96552,70429,Прочие услуги сельского хозяйства,,96547,true,1,d4322daf-0b2b-4c92-a1fc-0a2eae635d25,import,2023-01-12,import,2023-01-12
96553,7043,Топливо и энергетика,,96542,true,1,a1d6a1f7-c8ec-49f1-a8f3-247af188baa0,import,2023-01-12,import,2023-01-12
96554,70431,Уголь и другие виды твердого минерального топлива,,96553,true,1,a350d94f-eb56-48ca-a282-dc4e222022ad,import,2023-01-12,import,2023-01-12
96555,70432,Нефть и природный газ,,96553,true,1,3b943600-b022-4a5c-a9ae-0ec158527e7e,import,2023-01-12,import,2023-01-12
96556,70435,Тепло- и электроэнергетика,,96553,true,1,87ae3ec7-001f-4750-8d1e-662e1f84a98e,import,2023-01-12,import,2023-01-12
96557,7044,"Горнодобывающая промышленность, обрабатывающая промышленность и строительство",,96542,true,1,35856330-61c4-465c-bc59-29b7d0100f1b,import,2023-01-12,import,2023-01-12
96558,70441,"Добыча минеральных ресурсов, за исключением минерального топлива",,96557,true,1,94269414-c29c-4ba3-b6d8-181306cf0ae3,import,2023-01-12,import,2023-01-12
96559,70442,Обрабатывающаяся промышленность,,96557,true,1,737385fa-29f2-45c3-97d0-c9fff8be2a6e,import,2023-01-12,import,2023-01-12
96560,70443,Строительство,,96557,true,1,a7c7ea1f-e709-4aea-81a0-d0ba0103ffb5,import,2023-01-12,import,2023-01-12
96561,70444,"Прочие услуги в горнодобывающей промышленности, обрабатывающей промышленности и строительстве",,96557,true,1,8ad29347-3285-4a19-9347-ebea4e518008,import,2023-01-12,import,2023-01-12
96562,7045,Транспорт,,96542,true,1,c1f01701-1733-4442-9943-cb37244353b3,import,2023-01-12,import,2023-01-12
96563,70451,Автодорожный транспорт,,96562,true,1,6f7387d7-7dcc-4bf0-b1df-586e94a80166,import,2023-01-12,import,2023-01-12
96564,70452,Водный транспорт,,96562,true,1,7a1e789a-03ab-4a64-ac35-f9d432aa5f15,import,2023-01-12,import,2023-01-12
96565,70453,Железнодорожный транспорт,,96562,true,1,814ace2b-1bf8-4512-97c4-78b365186c08,import,2023-01-12,import,2023-01-12
96566,70454,Воздушный транспорт,,96562,true,1,24b023a1-364e-47cc-b993-1b4fa0f33987,import,2023-01-12,import,2023-01-12
96567,70455,Трубопроводы и другие транспортные системы,,96562,true,1,a03a00ae-500a-4dd6-97d6-67f9eea8bac2,import,2023-01-12,import,2023-01-12
96568,70459,Прочие транспортные услуги,,96562,true,1,a65cf5b1-76c6-4737-9bf6-8a12536b5e66,import,2023-01-12,import,2023-01-12
96569,7046,Связь,,96542,true,1,893b387c-a62d-4bef-9221-a6dcdc586e80,import,2023-01-12,import,2023-01-12
96570,70461,Фельдъегерская служба,,96569,true,1,a7d96f64-939e-4778-ab4f-a54e82eb0513,import,2023-01-12,import,2023-01-12
96571,70462,Информационно-коммуникационные технологии,,96569,true,1,5ab86a5f-6ce4-4d83-aedc-e389496c9099,import,2023-01-12,import,2023-01-12
96572,70469,Прочие услуги связи,,96569,true,1,118336a2-f14d-4de6-be23-03a4aa32d939,import,2023-01-12,import,2023-01-12
96573,7047,Другие отрасли экономической деятельности,,96542,true,1,84b31f03-1b4b-4175-a353-423399b69cf6,import,2023-01-12,import,2023-01-12
96574,70473,Туризм,,96573,true,1,e6939fb3-86f8-4b98-bedd-1f7fbea22a90,import,2023-01-12,import,2023-01-12
96575,7048,"Научные исследования и опытно-конструкторские разработки, связанные с экономической деятельностью",,96542,true,1,b1a3db62-fe3c-4787-b5f6-41a5b1ca5911,import,2023-01-12,import,2023-01-12
96576,70481,"Научные исследования и опытно-конструкторские разработки, связанные с общими экономическими вопросами",,96575,true,1,900e8e54-6975-4f98-a899-d462cebf6bb4,import,2023-01-12,import,2023-01-12
96577,70482,"Научные исследования и опытно-конструкторские разработки в области сельского хозяйства, лесного хозяйства, рыболовства и охоты",,96575,true,1,62fa91f4-58e2-42c9-a194-6e59111a54a4,import,2023-01-12,import,2023-01-12
96578,70483,Научные исследования и опытно-конструкторские разработки в области топлива и энергетики,,96575,true,1,154a219e-9928-4206-a1df-0e77bdcf783f,import,2023-01-12,import,2023-01-12
96579,70484,"Научные исследования и опытно-конструкторские разработки связанные с горнодобывающей промышленностью, обрабатывающей промышленностью и строительством",,96575,true,1,253064a5-91d7-4267-a108-9c3b4845ac4d,import,2023-01-12,import,2023-01-12
96580,70485,Научные исследования и опытно-конструкторские разработки в области транспорта,,96575,true,1,c7cd0e2b-0183-48e8-951d-777c323cacfe,import,2023-01-12,import,2023-01-12
96581,70486,Научные исследования и опытно-конструкторские разработки в области связи,,96575,true,1,b2cdc2b6-e3a7-4dbc-8093-ab8907da61c6,import,2023-01-12,import,2023-01-12
96582,70487,"Научные исследования и опытно-конструкторские разработки, связанные с другими отраслями экономической деятельности",,96575,true,1,bc619dbd-0727-414d-935e-36fec2d64a8a,import,2023-01-12,import,2023-01-12
96583,7049,"Экономические вопросы, не отнесенные к другим категориям",,96542,true,1,846f0b0d-f05f-43a7-bbb9-73d166786825,import,2023-01-12,import,2023-01-12
96584,70491,"Экономические вопросы, не отнесенные к другим категориям",,96583,true,1,6957b83f-6a66-4f7d-99a8-b909c5a094ce,import,2023-01-12,import,2023-01-12
96585,70499,Другие услуги по экономическим вопросам,,96583,true,1,0d85933d-8c4b-4f56-9f70-effa3705f5ce,import,2023-01-12,import,2023-01-12
96586,705,Охрана окружающей среды,,241058,true,1,3340d4a2-f6b1-4905-b00d-392aa707602f,import,2023-01-12,import,2023-01-12
96587,7051,Организация сбора и удаления отходов,,96586,true,1,46c31aeb-e6db-402c-b3f5-5ff58ea827cf,import,2023-01-12,import,2023-01-12
96588,70511,Организация сбора и удаления отходов,,96587,true,1,e7963da1-3a7c-4390-bba0-2b0584eb01ed,import,2023-01-12,import,2023-01-12
96589,70512,Дезактивация и захоронение радиоактивных отходов,,96587,true,1,0127ebb8-8eef-43c8-ac2d-db472e2ce739,import,2023-01-12,import,2023-01-12
96590,7052,Удаление и очистка сточных вод,,96586,true,1,6854ee95-5da1-46ba-8311-fa13adc3f8a4,import,2023-01-12,import,2023-01-12
96591,70521,Удаление и очистка сточных вод,,96590,true,1,4512d779-8bbf-4bf4-9ef5-ca784b0e3da2,import,2023-01-12,import,2023-01-12
96592,7053,Борьба с загрязнением окружающей среды,,96586,true,1,c5c578e8-4024-40c9-92a2-4ab758b2764c,import,2023-01-12,import,2023-01-12
96593,70531,Борьба с загрязнением окружающей среды,,96592,true,1,35e1f86b-7a1a-4ab0-b1ae-adeda11ded72,import,2023-01-12,import,2023-01-12
96594,7054,Защита биоразнообразия и охрана ландшафта,,96586,true,1,782f973f-a75b-4b51-91a4-92f4dad52316,import,2023-01-12,import,2023-01-12
96595,70541,Природные парки и заповедники,,96594,true,1,012f4d31-533c-4ae8-8d09-491d16df3ea7,import,2023-01-12,import,2023-01-12
96596,70542,Охрана животных,,96594,true,1,f91f6637-2e9e-49ae-aa6a-899b0fff9250,import,2023-01-12,import,2023-01-12
96597,70543,Охрана растений,,96594,true,1,612cb959-eaaf-47e1-a20a-fc59727a76f9,import,2023-01-12,import,2023-01-12
96598,70544,Противоэпизоотические мероприятия,,96594,true,1,45b42f9f-3734-405e-baf7-99dd1d7e3edb,import,2023-01-12,import,2023-01-12
96599,70545,Ветеринарная диагностика,,96594,true,1,ab2f9b72-3389-4775-aabc-176aa9529cfa,import,2023-01-12,import,2023-01-12
96600,70546,"Химизация, защита и карантин растений",,96594,true,1,5b787982-b486-4a08-976c-5c9757dd5e43,import,2023-01-12,import,2023-01-12
96601,70549,Прочие услуги по защите биоразнообразия и охране ландшафта,,96594,true,1,518b6050-eec7-4e19-b679-09c4c9716dc6,import,2023-01-12,import,2023-01-12
96602,7055,Научные исследования и опытно-конструкторские разработки в области охраны окружающей среды,,96586,true,1,031b3f13-4c58-4b5e-a079-2a1ccd07202a,import,2023-01-12,import,2023-01-12
96603,70551,Научные исследования и опытно-конструкторские разработки в области охраны окружающей среды,,96602,true,1,6ac67177-4d63-4bb0-9ea3-15bcae4ce8e7,import,2023-01-12,import,2023-01-12
96604,7056,"Вопросы охраны окружающей среды, не отнесенные к другим категориям",,96586,true,1,edb7bd8d-e27d-4522-bd25-a3a6b7a7a2f5,import,2023-01-12,import,2023-01-12
96605,70561,"Вопросы охраны окружающей среды, не отнесенные к другим категориям",,96604,true,1,ce75138d-dcbc-4c9e-b10e-2139abdb5f1e,import,2023-01-12,import,2023-01-12
96606,70569,Другие услуги по охране окружающей среды ,,96604,true,1,04d96200-ddda-4c2f-a14c-bb98a74915b7,import,2023-01-12,import,2023-01-12
96607,706,Жилищные и коммунальные услуги,,241058,true,1,4347ba29-fd62-4215-bb00-93a13f378712,import,2023-01-12,import,2023-01-12
96608,7062,Жилищные и коммунальные услуги,,96607,true,1,53d6351f-380f-4aca-8104-3fdf61f90cde,import,2023-01-12,import,2023-01-12
96609,70621,Вопросы коммунального развития,,96608,true,1,a39b749b-9319-40f6-b1df-61dbb32e8722,import,2023-01-12,import,2023-01-12
96610,70622,Теплокоммунэнерго,,96608,true,1,18046b44-18e6-4bb6-a64e-fa719f64f90e,import,2023-01-12,import,2023-01-12
96611,70624,Комбинаты коммунальных предприятий и ритуальных услуг,,96608,true,1,04d45b76-7038-474f-8f84-4d9b8df20a49,import,2023-01-12,import,2023-01-12
96612,70629,Прочие жилищные и коммунальные услуги ,,96608,true,1,736b5196-4474-4cd9-a21b-5419836e535e,import,2023-01-12,import,2023-01-12
96613,7063,Водоснабжение,,96607,true,1,f6b0a158-939e-4824-960b-ae543000c7fe,import,2023-01-12,import,2023-01-12
96614,70631,Водоснабжение,,96613,true,1,c9c2511e-3674-4fbf-8e2c-8ea038bf47b8,import,2023-01-12,import,2023-01-12
96615,7064,Освещение улиц,,96607,true,1,6a200f61-3921-48d5-916b-783b9fd5b032,import,2023-01-12,import,2023-01-12
96616,70641,Освещение улиц,,96615,true,1,2f7baa1c-3cca-46f2-ba7e-7f1c0270f66b,import,2023-01-12,import,2023-01-12
96617,7066,"Жилищные и коммунальные услуги, не отнесенные к другим категориям",,96607,true,1,b8dd2fa2-a5d0-42b8-ac2a-5f83cd1bc1be,import,2023-01-12,import,2023-01-12
96618,70661,"Жилищные и коммунальные услуги, не отнесенные к другим категориям",,96617,true,1,4b25e843-0d8a-4cba-a9b9-0dfa9aea864f,import,2023-01-12,import,2023-01-12
96619,70669,Другие  жилищные и коммунальные услуги,,96617,true,1,ab9683d0-3ea8-4d2d-9274-f66d30035a67,import,2023-01-12,import,2023-01-12
96620,707,Здравоохранение,,241058,true,1,cda13eb1-04fe-4f05-ae2a-e49e58d1dfc3,import,2023-01-12,import,2023-01-12
96621,7071,"Медицинские изделия, оборудование и аппаратура",,96620,true,1,9d540add-7ed5-4a5c-bcef-8a883847ec0c,import,2023-01-12,import,2023-01-12
96622,70711,"Медицинские изделия, оборудование и аппаратура",,96621,true,1,d78febc0-7362-4ee9-86a9-7114f0d5e25d,import,2023-01-12,import,2023-01-12
96623,7072,Амбулаторные услуги,,96620,true,1,5aadcaa6-9207-4a02-b0dc-0d7110f31f82,import,2023-01-12,import,2023-01-12
96624,70721,Медицинские услуги общего профиля,,96623,true,1,f995f432-cc0b-453c-bd8e-fc8c0fdf2a88,import,2023-01-12,import,2023-01-12
96625,70722,Специализированные медицинские услуги,,96623,true,1,dbe9f163-d9c8-4560-9a15-c7bf71b7a5ab,import,2023-01-12,import,2023-01-12
96626,70723,Стоматологические услуги,,96623,true,1,3bad9fd9-2df0-44a0-a6d5-780167bd5b1a,import,2023-01-12,import,2023-01-12
96627,7073,Услуги больниц,,96620,true,1,58d38988-99b8-4a8f-b15a-e15ba32f02d1,import,2023-01-12,import,2023-01-12
96628,70731,Услуги больниц общего профиля,,96627,true,1,efa0d93c-2864-47fb-a6f3-e858794d8f21,import,2023-01-12,import,2023-01-12
96629,70732,Услуги специализированных больниц,,96627,true,1,6f3a7e0c-1e43-4d49-bfce-d3f835a2d965,import,2023-01-12,import,2023-01-12
96630,70733,"Услуги медицинских центров, гинекологических больниц и родильных домов",,96627,true,1,c066ee51-1027-48f7-a0c8-2077f7870b93,import,2023-01-12,import,2023-01-12
96631,70734,Услуги санаториев и домов для выздаравливающих,,96627,true,1,d14b715b-8e99-4b77-b6a0-52b40fff3b2b,import,2023-01-12,import,2023-01-12
96632,70735,Услуги больниц и центров восстановительного лечения для детей,,96627,true,1,0f096b2e-3994-4faa-93ec-1409704a4433,import,2023-01-12,import,2023-01-12
96633,7074,Услуги в области здравоохранения,,96620,true,1,09e2e8f7-376e-4a33-a4f5-5b92d64ff1aa,import,2023-01-12,import,2023-01-12
96634,70741,Станции скорой и неотложной помощи,,96633,true,1,b50d7667-3b7c-40e6-9ac6-96aee8f99b13,import,2023-01-12,import,2023-01-12
96635,70742,Станции переливания крови,,96633,true,1,4140fd0e-6f9a-4baf-92c1-9e08d3b86d35,import,2023-01-12,import,2023-01-12
96636,70743,Санитарно-эпидемиологические станции и центры карантинных и опасных инфекций,,96633,true,1,d7697fb4-ddc9-465c-ba3d-7ca60cfb03fa,import,2023-01-12,import,2023-01-12
96637,70744,Дезинфекционные станции,,96633,true,1,4d17039e-6652-4e6e-820b-e340a95505cb,import,2023-01-12,import,2023-01-12
96638,70745,Мероприятия по борьбе с эпидемиями,,96633,true,1,43d16eec-dc0d-4275-90c0-b1f5b65990d8,import,2023-01-12,import,2023-01-12
96639,70746,"Дома ребенка, комнаты матери и ребенка",,96633,true,1,54fe003e-fc40-43d8-8f60-b6a6e7711465,import,2023-01-12,import,2023-01-12
96640,70747,Центры по борьбе со СПИДом,,96633,true,1,5695083b-3fe8-4f5e-a561-5554c268a9b5,import,2023-01-12,import,2023-01-12
96641,70748,Центры здоровья и мероприятия по санитарному просвещению,,96633,true,1,f82ad6b7-64e8-4096-add8-4f1474da9d41,import,2023-01-12,import,2023-01-12
96642,70749,Прочие услуги в области здравоохранения,,96633,true,1,8d5f04cd-e4eb-48e7-9da7-74854a478dd3,import,2023-01-12,import,2023-01-12
96643,7075,Научные исследования и опытно-конструкторские разработки в области здравоохранения,,96620,true,1,99313844-211c-4d53-a8cb-348cacaf922c,import,2023-01-12,import,2023-01-12
96644,70751,Научные исследования и опытно-конструкторские разработки в области здравоохранения,,96643,true,1,450fc188-f595-45c5-a3c1-4f948f92eb2d,import,2023-01-12,import,2023-01-12
96645,7076,"Вопросы здравоохранения, не отнесенные к другим категориям",,96620,true,1,e1299f1f-13b4-488f-af86-d99692ac34f7,import,2023-01-12,import,2023-01-12
96646,70761,"Вопросы здравоохранения, не отнесенные к другим категориям",,96645,true,1,ac5d8d44-b7c8-4d59-bcd7-722746756656,import,2023-01-12,import,2023-01-12
96647,70769,Другие услуги в области здравоохранения,,96645,true,1,ffe95301-75c1-4d0d-a383-c3ff59e52dfc,import,2023-01-12,import,2023-01-12
96648,708,"Отдых, культура и религия",,241058,true,1,dd1472a0-bf47-4702-ad39-63d99123851e,import,2023-01-12,import,2023-01-12
96649,7081,Услуги по организации отдыха и занятий спортом,,96648,true,1,8909ee3e-e0eb-488e-b475-b4a70db25d0e,import,2023-01-12,import,2023-01-12
96650,70811,Содержание и управление использованием спортивных объектов и объектов отдыха,,96649,true,1,4c939fa7-34d9-4e0e-a88c-d8dba41b04ed,import,2023-01-12,import,2023-01-12
96651,70812,Спортивные учреждения и центры,,96649,true,1,50e80157-3dde-4f1d-a3c5-36d55b89f193,import,2023-01-12,import,2023-01-12
96652,70813,"Услуги, связанные с организацией спортивных мероприятий",,96649,true,1,490ca7b4-0375-4528-8842-ff481a2a43dc,import,2023-01-12,import,2023-01-12
96653,7082,Услуги в области культуры,,96648,true,1,60e48862-8161-45bc-82c7-0874047f8c5e,import,2023-01-12,import,2023-01-12
96654,70821,Библиотеки,,96653,true,1,2d4cf112-9ddf-4f5c-961c-f3ca38833ae8,import,2023-01-12,import,2023-01-12
96655,70822,Музеи и выставки,,96653,true,1,96e99cfa-243f-41a3-a03d-d93fbae94afa,import,2023-01-12,import,2023-01-12
96656,70823,"Дворцы и дома культуры, клубы",,96653,true,1,8f1ac3b3-46ed-46f7-868f-da4f46c6523e,import,2023-01-12,import,2023-01-12
96657,70824,"Театры, кинотеатры, филармонии, музыкальные коллективы, ансамбли ",,96653,true,1,7820fde5-264e-452b-9cf2-2b4e6f9b62ea,import,2023-01-12,import,2023-01-12
96658,70825,Прочие мероприятия по культуре,,96653,true,1,4fc7d8a9-a3de-43c2-ab5d-9a20284fe786,import,2023-01-12,import,2023-01-12
96659,7083,"Услуги, связанные с радио- и телевизионным вещанием и издательским делом",,96648,true,1,59c9963d-b7fe-49a4-a474-7823569dfb75,import,2023-01-12,import,2023-01-12
96660,70831,Телерадиовещательные компании,,96659,true,1,09bab7d8-8372-4794-bd38-b802b8f33a6d,import,2023-01-12,import,2023-01-12
96661,70832,Издательства и редакции,,96659,true,1,a8e0b7fe-f3d6-40b1-9178-a0a2457ae8d3,import,2023-01-12,import,2023-01-12
96662,7084,"Услуги, связанные с религией, и другие общественные услуги",,96648,true,1,ba9cd9ec-62d0-4d06-93d0-f5aa54b87878,import,2023-01-12,import,2023-01-12
96663,70841,"Услуги, связанные с религией, и другие общественные услуги",,96662,true,1,beedcd33-315e-4ec5-875f-f08027e397b6,import,2023-01-12,import,2023-01-12
96664,7085,"Научные исследования и опытно-конструкторские разработки в области  отдыха, культуры и религии",,96648,true,1,22f65e72-fa7e-43ce-b078-efd55dc8ecb2,import,2023-01-12,import,2023-01-12
96665,70851,"Научные исследования и опытно-конструкторские разработки в области  отдыха, культуры и религии",,96664,true,1,f042d46e-b843-4dce-b09e-f55914765798,import,2023-01-12,import,2023-01-12
96666,7086,"Вопросы отдыха, спорта, культуры и религии, не отнесенные к другим категориям",,96648,true,1,3c475f96-cb7c-4b04-9290-e3b488ddfa24,import,2023-01-12,import,2023-01-12
96667,70861,"Услуги, связанные с реализацией молодежной политики",,96666,true,1,b4cc5b1b-8d93-4d82-82ea-9d62c8ac4111,import,2023-01-12,import,2023-01-12
96668,70862,"Вопросы отдыха, спорта, культуры и религии, не отнесенные к другим категориям",,96666,true,1,41cd2ab5-af6e-45c9-8975-87957c51d1f8,import,2023-01-12,import,2023-01-12
1683861,70863,"Прочие услуги по вопросам отдыха, спорта, культуры и религии",,96648,true,1,c0e52538-5c84-4c21-8a9a-886e8a56614d,import,2023-01-12,import,2023-01-12
96669,70868,Другие услуги по вопросам спорта ,,96666,true,1,41fcbcd2-192e-47ae-8aa5-00e61fd0f752,import,2023-01-12,import,2023-01-12
96670,70869,"Другие услуги по вопросам отдыха, культуры и религии",,96666,true,1,64ecb81f-61ff-4fb9-a849-cc4ea5f6c177,import,2023-01-12,import,2023-01-12
96671,709,Образование,,241058,true,1,30b0c0ea-1048-486c-830a-ebd593c93e98,import,2023-01-12,import,2023-01-12
96672,7091,Дошкольное образование,,96671,true,1,f2d8a376-ecb0-4aa8-b64f-f988d6919d24,import,2023-01-12,import,2023-01-12
96673,70911,Дошкольное образование,,96672,true,1,c37d72a0-b182-4c48-b1fb-a55dbd3eb96c,import,2023-01-12,import,2023-01-12
96674,7092,Среднее образование,,96671,true,1,d8feeeda-b914-4ae8-be4b-d0751312e940,import,2023-01-12,import,2023-01-12
96675,70921,Среднее образование - общеобразовательные программы ,,96674,true,1,42d643c1-b3dd-4f7a-9334-0d7015efa7ef,import,2023-01-12,import,2023-01-12
96676,70922,Среднее профессионально-техническое образование,,96674,true,1,3efd7f20-4daa-4d9e-8400-a4022978f0fc,import,2023-01-12,import,2023-01-12
96677,70923,Начальное образование - Общеобразовательные программы,,96674,true,1,43beb529-7416-4e36-ac12-9025da8f929a,import,2023-01-12,import,2023-01-12
96678,7093,Продолженное среднее образование,,96671,true,1,ab5d3b2a-61ca-49c2-b65a-c1f1c31489af,import,2023-01-12,import,2023-01-12
96679,70931,Продолженное среднее образование,,96678,true,1,631274da-3301-4f7b-9fd1-ccdaea0ba4e6,import,2023-01-12,import,2023-01-12
96680,7094,Высшее образование,,96671,true,1,6167e982-91ad-44c5-9a62-f1faf9e6d977,import,2023-01-12,import,2023-01-12
96681,70941,"Высшее образование, не ведущее к получению диплома",,96680,true,1,ae691703-4f6c-4fa7-ab66-08627b03d1b2,import,2023-01-12,import,2023-01-12
96682,70942,"Университеты и другие учебные заведения, дающие высшее образование",,96680,true,1,2e5af94a-3940-4bff-b9cd-dda6d2193b94,import,2023-01-12,import,2023-01-12
96683,7095,"Образование, не подразделенное по ступеням",,96671,true,1,5aa579e8-0c11-467e-bfdf-84169993cab3,import,2023-01-12,import,2023-01-12
96684,70951,Дополнительное образование и методическая работа ,,96683,true,1,5f7fd1d5-9638-40bb-8bf2-4eea5c92109c,import,2023-01-12,import,2023-01-12
96685,70952,Повышение квалификации,,96683,true,1,00445a60-12f4-4e8d-98da-37cf9238da7e,import,2023-01-12,import,2023-01-12
96686,7096,Вспомогательные услуги в системе образования,,96671,true,1,5b0b85af-ea95-49c5-bbb7-431d729cd6ea,import,2023-01-12,import,2023-01-12
96687,70961,Учреждения/мероприятия по внешкольной работе с детьми ,,96686,true,1,a41a06a5-1786-4a33-bf33-e136f31525ce,import,2023-01-12,import,2023-01-12
96688,70962,Детские дома,,96686,true,1,93037c02-a266-4a2c-9843-a4b2e06809bd,import,2023-01-12,import,2023-01-12
96689,70963,Музыкальные школы,,96686,true,1,32bc0f24-f8ac-49e6-b4e4-5458412ca6f4,import,2023-01-12,import,2023-01-12
96690,70964,Специальные детские учебные учреждения,,96686,true,1,ea8b0fd0-b8bd-4bb1-b697-8a6c1f6afaac,import,2023-01-12,import,2023-01-12
96691,70965,Детские оздоровительные организации,,96686,true,1,577be173-f6ae-4899-a95e-5135ee316817,import,2023-01-12,import,2023-01-12
96692,7097,Научные исследования и опытно-конструкторские разработки в области образования,,96671,true,1,8008d0ed-d21c-41fc-a79a-167be8d300bf,import,2023-01-12,import,2023-01-12
96693,70971,Научные исследования и опытно-конструкторские разработки в области образования,,96692,true,1,9691d20a-be07-4886-9b5d-9bdbb3b59459,import,2023-01-12,import,2023-01-12
96694,7098,"Вопросы образования, не отнесенные к другим категориям",,96671,true,1,a9356d36-5b13-41c2-b286-b35ca9a9b610,import,2023-01-12,import,2023-01-12
96695,70981,"Вопросы образования, не отнесенные к другим категориям",,96694,true,1,2dd69c1c-c0ac-443a-8d56-e114549c99d8,import,2023-01-12,import,2023-01-12
96696,70988,Другие услуги в области дошкольного образования,,96694,true,1,14b836c5-fea2-49f6-8365-74fe8a8d4d5b,import,2023-01-12,import,2023-01-12
96697,70989,Другие услуги в области среднего и высшего образования,,96694,true,1,1a97d05c-365a-4c4e-aed0-9144a0e96edf,import,2023-01-12,import,2023-01-12
96698,710,Социальная защита,,241058,true,1,ec26467a-db74-4733-a74b-2dc8c57ed542,import,2023-01-12,import,2023-01-12
96699,7101,Заболевания и нетрудоспособность,,96698,true,1,9c39167c-35df-4ce4-9a21-4a6df3c181e4,import,2023-01-12,import,2023-01-12
96700,71011,Заболевания ,,96699,true,1,a12ad58f-b680-4ca8-bb46-da45ffa6f806,import,2023-01-12,import,2023-01-12
96701,71012,Нетрудоспособность,,96699,true,1,14b86b9b-8405-41f7-9a0d-6f1af8714169,import,2023-01-12,import,2023-01-12
96702,7102,Старость,,96698,true,1,96394840-079a-4715-aaa3-d0fa1add5931,import,2023-01-12,import,2023-01-12
96703,71021,Дома престарелых,,96702,true,1,6dd58e94-a977-477f-b6af-fb388da53cd0,import,2023-01-12,import,2023-01-12
96704,71022,Социальный фонд,,96702,true,1,d7d2af7a-3438-4e9e-8e47-3a3154274f72,import,2023-01-12,import,2023-01-12
96705,71023,Управление делами ветеранов войны и труда,,96702,true,1,5a382ae9-e1af-47cd-9b96-6f510c1010bb,import,2023-01-12,import,2023-01-12
96706,7103,"Иждивенцы, оставшиеся без кормильца",,96698,true,1,f8dd25c3-673a-420a-929d-644437f7a487,import,2023-01-12,import,2023-01-12
96707,71031,"Иждивенцы, оставшиеся без кормильца",,96706,true,1,d62b8d05-ea38-4bfc-9299-1f68f38b2805,import,2023-01-12,import,2023-01-12
96708,7104,Семья и дети,,96698,true,1,d694300a-9697-40bc-a3c5-a4c8aca3a764,import,2023-01-12,import,2023-01-12
96709,71041,Детские учреждения-интернаты,,96708,true,1,8f2353c6-c47e-4c2a-9149-f2ed62a9711a,import,2023-01-12,import,2023-01-12
96710,71042,Прочие учреждения интернатского типа,,96708,true,1,440a8ca6-8d17-4bca-bb7b-737e1c6ffc75,import,2023-01-12,import,2023-01-12
96711,71049,Прочие услуги по вопросам семьи и детей,,96708,true,1,b6857c63-89fe-4304-850e-9dc2914e9792,import,2023-01-12,import,2023-01-12
96712,7105,Безработица,,96698,true,1,53520269-d364-4fc5-9e9d-3f484546a1f7,import,2023-01-12,import,2023-01-12
96713,71051,Безработица,,96712,true,1,2579aaac-de85-4847-98cc-2213f2a84c44,import,2023-01-12,import,2023-01-12
96714,7106,Жилье,,96698,true,1,406b024b-fe22-4767-b07f-46a557ede322,import,2023-01-12,import,2023-01-12
96715,71061,Жилье,,96714,true,1,281091f5-7d30-4045-8f6e-12f5b628fd52,import,2023-01-12,import,2023-01-12
96716,7107,"Вопросы социальной неустроенности, не отнесенные к другим категориям",,96698,true,1,9883ae4e-3d5f-43f7-a875-db014252dcb3,import,2023-01-12,import,2023-01-12
96717,71071,"Вопросы социальной неустроенности, не отнесенные к другим категориям",,96716,true,1,bcf58366-3a08-4fa2-9f3b-7a6d78f0de3c,import,2023-01-12,import,2023-01-12
96718,7108,Научные исследования и опытно-конструкторские разработки в области социальной защиты,,96698,true,1,fc8616cd-0ce8-4ad4-a418-e44be7e65076,import,2023-01-12,import,2023-01-12
96719,71081,Научные исследования и опытно-конструкторские разработки в области социальной защиты,,96718,true,1,1cf73ab9-7260-427e-a59c-0fbc65f0278f,import,2023-01-12,import,2023-01-12
96720,7109,"Вопросы социальной защиты, не отнесенные к другим категориям",,96698,true,1,6089e85b-e261-4efe-a33b-78ca646f5042,import,2023-01-12,import,2023-01-12
96721,71091, Мероприятия по социальной защите населения,,96720,true,1,a68f36a7-8f3b-4b35-be67-5e43b88d3c1a,import,2023-01-12,import,2023-01-12
96722,71092,Отделы социальной защиты и выплатные центры ,,96720,true,1,22853429-cab1-4527-85c6-9eadab131f00,import,2023-01-12,import,2023-01-12
96723,71093,"Услуги социальной защиты, оказываемые не через учреждения интернатского типа",,96720,true,1,b6149e3e-2914-407e-82c9-014a91ec7cbc,import,2023-01-12,import,2023-01-12
96724,71099,Другие услуги в области социальной защиты,,96720,true,1,737976fd-4278-4b1e-b43b-6ccd980cff57,import,2023-01-12,import,2023-01-12
